id,name,type,language,genres,status,premiered,runtime_minutes,rating,network,country,show_url
1,Under the Dome,Scripted,English,Drama | Science-Fiction | Thriller,Ended,2013-06-24,60,6.6,CBS,United States,https://www.tvmaze.com/shows/1/under-the-dome
2,Person of Interest,Scripted,English,Action | Crime | Science-Fiction,Ended,2011-09-22,60,8.8,CBS,United States,https://www.tvmaze.com/shows/2/person-of-interest
3,Bitten,Scripted,English,Drama | Horror | Romance,Ended,2014-01-11,60,7.4,CTV Sci-Fi Channel,Canada,https://www.tvmaze.com/shows/3/bitten
4,Arrow,Scripted,English,Drama | Action | Science-Fiction,Ended,2012-10-10,60,7.4,The CW,United States,https://www.tvmaze.com/shows/4/arrow
5,True Detective,Scripted,English,Drama | Crime | Thriller,Running,2014-01-12,60,8.1,HBO,United States,https://www.tvmaze.com/shows/5/true-detective
6,The 100,Scripted,English,Action | Adventure | Science-Fiction,Ended,2014-03-19,60,7.7,The CW,United States,https://www.tvmaze.com/shows/6/the-100
7,Homeland,Scripted,English,Drama | Thriller | Espionage,Ended,2011-10-02,60,8.2,Paramount+ with Showtime,United States,https://www.tvmaze.com/shows/7/homeland
8,Glee,Scripted,English,Drama | Music | Romance,Ended,2009-05-19,60,6.6,FOX,United States,https://www.tvmaze.com/shows/8/glee
9,Revenge,Scripted,English,Drama | Thriller | Mystery,Ended,2011-09-21,60,7.8,ABC,United States,https://www.tvmaze.com/shows/9/revenge
10,Grimm,Scripted,English,Drama | Crime | Supernatural,Ended,2011-10-28,60,8.4,NBC,United States,https://www.tvmaze.com/shows/10/grimm
11,Gotham,Scripted,English,Drama | Action | Crime,Ended,2014-09-22,60,7.7,FOX,United States,https://www.tvmaze.com/shows/11/gotham
12,Lost Girl,Scripted,English,Drama | Fantasy | Horror,Ended,2010-09-12,60,7.9,Showcase,Canada,https://www.tvmaze.com/shows/12/lost-girl
13,The Flash,Scripted,English,Drama | Action | Science-Fiction,Ended,2014-10-07,60,7.5,The CW,United States,https://www.tvmaze.com/shows/13/the-flash
14,Continuum,Scripted,English,Drama | Crime | Science-Fiction,Ended,2012-05-27,60,8,Showcase,Canada,https://www.tvmaze.com/shows/14/continuum
15,Constantine,Scripted,English,Drama | Action | Horror,Ended,2014-10-24,60,7.5,NBC,United States,https://www.tvmaze.com/shows/15/constantine
16,Penny Dreadful,Scripted,English,Horror | Thriller | Supernatural,Ended,2014-05-11,60,8.2,Paramount+ with Showtime,United States,https://www.tvmaze.com/shows/16/penny-dreadful
18,The Amazing Race,Reality,English,Action | Adventure | Family,Running,2001-09-05,90,6.8,CBS,United States,https://www.tvmaze.com/shows/18/the-amazing-race
19,Supernatural,Scripted,English,Drama | Action | Supernatural,Ended,2005-09-13,60,8.3,The CW,United States,https://www.tvmaze.com/shows/19/supernatural
20,The Strain,Scripted,English,Drama | Horror | Thriller,Ended,2014-07-13,60,7.5,FX,United States,https://www.tvmaze.com/shows/20/the-strain
21,The Last Ship,Scripted,English,Drama | Action | Thriller,Ended,2014-06-22,60,7.5,TNT,United States,https://www.tvmaze.com/shows/21/the-last-ship
22,True Blood,Scripted,English,Drama | Romance | Supernatural,Ended,2008-09-07,60,7.9,HBO,United States,https://www.tvmaze.com/shows/22/true-blood
23,Once Upon a Time in Wonderland,Scripted,English,Drama | Adventure | Fantasy,Ended,2013-10-10,60,6.9,ABC,United States,https://www.tvmaze.com/shows/23/once-upon-a-time-in-wonderland
24,Hawaii Five-0,Scripted,English,Drama | Action | Crime,Ended,2010-09-20,60,7.7,CBS,United States,https://www.tvmaze.com/shows/24/hawaii-five-0
25,Hellsing,Animation,Japanese,Anime | Horror | Supernatural,Ended,2001-10-10,30,7.3,Fuji TV,Japan,https://www.tvmaze.com/shows/25/hellsing
26,Hellsing Ultimate,Animation,Japanese,Drama | Action | Anime | Horror,Ended,2006-02-10,50,7.3,TBS,Japan,https://www.tvmaze.com/shows/26/hellsing-ultimate
27,Berserk,Animation,Japanese,Anime | Fantasy | Horror,Ended,1997-10-07,25,8,NTV,Japan,https://www.tvmaze.com/shows/27/berserk
28,Californication,Scripted,English,Drama | Comedy,Ended,2007-08-13,30,7.9,Paramount+ with Showtime,United States,https://www.tvmaze.com/shows/28/californication
29,Vikings,Scripted,English,Drama | Action | History,Ended,2013-03-03,60,8.6,History,Canada,https://www.tvmaze.com/shows/29/vikings
30,American Horror Story,Scripted,English,Drama | Horror | Thriller,Running,2011-10-05,30,7.4,FX,United States,https://www.tvmaze.com/shows/30/american-horror-story
31,Marvel's Agents of S.H.I.E.L.D.,Scripted,English,Action | Adventure | Science-Fiction,Ended,2013-09-24,60,8,ABC,United States,https://www.tvmaze.com/shows/31/marvels-agents-of-shield
32,Fargo,Scripted,English,Drama | Comedy | Crime,To Be Determined,2014-04-15,60,8.6,FX,United States,https://www.tvmaze.com/shows/32/fargo
33,Hemlock Grove,Scripted,English,Drama | Horror | Thriller,Ended,2013-04-19,,6.9,Netflix,,https://www.tvmaze.com/shows/33/hemlock-grove
34,Helix,Scripted,English,Horror | Science-Fiction | Thriller,Ended,2014-01-10,60,6.5,Syfy,United States,https://www.tvmaze.com/shows/34/helix
35,The Killing,Scripted,English,Drama | Crime | Thriller,Ended,2011-04-03,60,8.2,AMC,United States,https://www.tvmaze.com/shows/35/the-killing
37,Intruders,Scripted,English,Drama | Fantasy | Thriller,Ended,2014-08-23,60,7.1,BBC America,United States,https://www.tvmaze.com/shows/37/intruders
38,Z Nation,Scripted,English,Action | Horror | Science-Fiction,Ended,2014-09-12,60,7.2,Syfy,United States,https://www.tvmaze.com/shows/38/z-nation
39,Resurrection,Scripted,English,Drama | Science-Fiction | Mystery,Ended,2014-03-09,60,7.1,ABC,United States,https://www.tvmaze.com/shows/39/resurrection
40,Death Note,Animation,Japanese,Anime | Fantasy | Thriller,Ended,2006-10-03,30,8.8,NTV,Japan,https://www.tvmaze.com/shows/40/death-note
41,Last Man Standing,Scripted,English,Comedy | Family,Ended,2011-10-11,30,7.8,FOX,United States,https://www.tvmaze.com/shows/41/last-man-standing
42,Sleepy Hollow,Scripted,English,Drama | Mystery | Supernatural,Ended,2013-09-16,60,7.5,FOX,United States,https://www.tvmaze.com/shows/42/sleepy-hollow
43,Outlander,Scripted,English,Adventure | Romance | Science-Fiction,Ended,2014-08-09,60,7.9,STARZ,United States,https://www.tvmaze.com/shows/43/outlander
44,Scorpion,Scripted,English,Drama | Action | Thriller,Ended,2014-09-22,60,7.3,CBS,United States,https://www.tvmaze.com/shows/44/scorpion
45,NCIS: New Orleans,Scripted,English,Drama | Action | Crime,Ended,2014-09-23,60,7.5,CBS,United States,https://www.tvmaze.com/shows/45/ncis-new-orleans
46,Forever,Scripted,English,Drama | Crime | Supernatural,Ended,2014-09-22,60,8.1,ABC,United States,https://www.tvmaze.com/shows/46/forever
47,Witches of East End,Scripted,English,Drama | Fantasy | Romance,Ended,2013-10-06,60,7.5,Lifetime,United States,https://www.tvmaze.com/shows/47/witches-of-east-end
48,Madam Secretary,Scripted,English,Drama,Ended,2014-09-21,60,7.7,CBS,United States,https://www.tvmaze.com/shows/48/madam-secretary
49,Brooklyn Nine-Nine,Scripted,English,Comedy | Action | Crime,Ended,2013-09-17,30,8.1,NBC,United States,https://www.tvmaze.com/shows/49/brooklyn-nine-nine
50,The Lottery,Scripted,English,Drama | Science-Fiction | Thriller,Ended,2014-07-20,60,6.5,Lifetime,United States,https://www.tvmaze.com/shows/50/the-lottery
51,The Knick,Scripted,English,Drama | Medical,Ended,2014-08-08,60,8.3,Cinemax,United States,https://www.tvmaze.com/shows/51/the-knick
52,How to Get Away with Murder,Scripted,English,Drama | Thriller | Legal,Ended,2014-09-25,60,7.6,ABC,United States,https://www.tvmaze.com/shows/52/how-to-get-away-with-murder
53,Nashville,Scripted,English,Drama | Music | Romance,Ended,2012-10-10,60,7.4,CMT,United States,https://www.tvmaze.com/shows/53/nashville
54,Legends,Scripted,English,Drama | Crime | Thriller,Ended,2014-08-13,60,7.5,TNT,United States,https://www.tvmaze.com/shows/54/legends
55,Red Band Society,Scripted,English,Drama | Comedy,Ended,2014-09-17,60,7.7,FOX,United States,https://www.tvmaze.com/shows/55/red-band-society
56,Chicago P.D.,Scripted,English,Drama | Crime,Running,2014-01-08,60,8,NBC,United States,https://www.tvmaze.com/shows/56/chicago-pd
57,black-ish,Scripted,English,Comedy | Family,Ended,2014-09-24,30,6.2,ABC,United States,https://www.tvmaze.com/shows/57/black-ish
58,New Girl,Scripted,English,Comedy | Romance,Ended,2011-09-20,30,7.3,FOX,United States,https://www.tvmaze.com/shows/58/new-girl
59,Chicago Fire,Scripted,English,Drama | Action,Running,2012-10-10,60,8,NBC,United States,https://www.tvmaze.com/shows/59/chicago-fire
60,NCIS,Scripted,English,Drama | Action | Crime,Running,2003-09-23,60,7.9,CBS,United States,https://www.tvmaze.com/shows/60/ncis
61,Orphan Black,Scripted,English,Drama | Science-Fiction | Thriller,Ended,2013-03-30,60,8.6,CTV Sci-Fi Channel,Canada,https://www.tvmaze.com/shows/61/orphan-black
62,The Originals,Scripted,English,Drama | Romance | Supernatural,Ended,2013-10-03,60,8.3,The CW,United States,https://www.tvmaze.com/shows/62/the-originals
63,The Vampire Diaries,Scripted,English,Drama | Romance | Supernatural,Ended,2009-09-10,60,7.9,The CW,United States,https://www.tvmaze.com/shows/63/the-vampire-diaries
64,Utopia,Scripted,English,Drama | Science-Fiction | Thriller,Ended,2013-01-15,60,8.4,Channel 4,United Kingdom,https://www.tvmaze.com/shows/64/utopia
65,Bones,Scripted,English,Drama | Crime | Medical,Ended,2005-09-13,60,8.1,FOX,United States,https://www.tvmaze.com/shows/65/bones
66,The Big Bang Theory,Scripted,English,Comedy,Ended,2007-09-24,30,8,CBS,United States,https://www.tvmaze.com/shows/66/the-big-bang-theory
67,Grey's Anatomy,Scripted,English,Drama | Romance | Medical,Running,2005-03-27,60,7.6,ABC,United States,https://www.tvmaze.com/shows/67/greys-anatomy
68,Castle,Scripted,English,Drama | Crime | Mystery,Ended,2009-03-09,40,8.2,ABC,United States,https://www.tvmaze.com/shows/68/castle
69,The Blacklist,Scripted,English,Drama | Crime | Thriller,Ended,2013-09-23,60,8.1,NBC,United States,https://www.tvmaze.com/shows/69/the-blacklist
70,The Voice,Reality,English,Music,Running,2011-04-26,120,5.9,NBC,United States,https://www.tvmaze.com/shows/70/the-voice
71,Dancing with the Stars,Reality,English,Family,Running,2005-06-01,120,6.6,ABC,United States,https://www.tvmaze.com/shows/71/dancing-with-the-stars
72,NCIS: Los Angeles,Scripted,English,Drama | Action | Crime,Ended,2009-09-22,60,7.9,CBS,United States,https://www.tvmaze.com/shows/72/ncis-los-angeles
73,The Walking Dead,Scripted,English,Drama | Action | Horror,Ended,2010-10-31,,7.9,AMC+,United States,https://www.tvmaze.com/shows/73/the-walking-dead
74,Hell on Wheels,Scripted,English,Drama | Action | Western,Ended,2011-11-06,60,8.2,AMC,United States,https://www.tvmaze.com/shows/74/hell-on-wheels
75,The Mindy Project,Scripted,English,Comedy | Romance | Medical,Ended,2012-09-25,,7,Hulu,United States,https://www.tvmaze.com/shows/75/the-mindy-project
76,Sons of Anarchy,Scripted,English,Drama | Action | Crime,Ended,2008-09-03,60,8.3,FX,United States,https://www.tvmaze.com/shows/76/sons-of-anarchy
77,The Middle,Scripted,English,Comedy | Family,Ended,2009-09-30,30,8.1,ABC,United States,https://www.tvmaze.com/shows/77/the-middle
78,The Mysteries of Laura,Scripted,English,Comedy | Crime | Mystery,Ended,2014-09-17,60,7.3,NBC,United States,https://www.tvmaze.com/shows/78/the-mysteries-of-laura
79,The Goldbergs,Scripted,English,Comedy | Family,Ended,2013-09-24,30,7.5,ABC,United States,https://www.tvmaze.com/shows/79/the-goldbergs
80,Modern Family,Scripted,English,Comedy | Family,Ended,2009-09-23,30,7.8,ABC,United States,https://www.tvmaze.com/shows/80/modern-family
81,Criminal Minds,Scripted,English,Drama | Crime | Thriller,Running,2005-09-22,,8.1,Paramount+,,https://www.tvmaze.com/shows/81/criminal-minds
82,Game of Thrones,Scripted,English,Drama | Adventure | Fantasy,Ended,2011-04-17,60,8.9,HBO,United States,https://www.tvmaze.com/shows/82/game-of-thrones
83,The Simpsons,Animation,English,Comedy | Family,Running,1989-12-17,30,8.1,FOX,United States,https://www.tvmaze.com/shows/83/the-simpsons
84,Family Guy,Animation,English,Comedy | Family,Running,1999-01-31,30,7.5,FOX,United States,https://www.tvmaze.com/shows/84/family-guy
86,Stalker,Scripted,English,Crime | Thriller,Ended,2014-10-01,60,7.4,CBS,United States,https://www.tvmaze.com/shows/86/stalker
87,The Bridge,Scripted,English,Drama | Crime | Thriller,Ended,2013-07-10,60,7.5,FX,United States,https://www.tvmaze.com/shows/87/the-bridge
88,Reign,Scripted,English,Drama | Romance | History,Ended,2013-10-17,60,7.6,The CW,United States,https://www.tvmaze.com/shows/88/reign
89,Unforgettable,Scripted,English,Drama | Crime,Ended,2011-09-20,60,7.5,A&E,United States,https://www.tvmaze.com/shows/89/unforgettable
90,Haven,Scripted,English,Drama | Crime | Supernatural,Ended,2010-07-09,60,8,Syfy,United States,https://www.tvmaze.com/shows/90/haven
91,Bad Judge,Scripted,English,Comedy | Family,Ended,2014-10-02,30,7.4,NBC,United States,https://www.tvmaze.com/shows/91/bad-judge
92,A to Z,Scripted,English,Comedy | Romance,Ended,2014-10-02,30,6.7,NBC,United States,https://www.tvmaze.com/shows/92/a-to-z
93,Parenthood,Scripted,English,Drama | Comedy | Family,Ended,2010-03-02,60,7.9,NBC,United States,https://www.tvmaze.com/shows/93/parenthood
94,Defiance,Scripted,English,Action | Adventure | Science-Fiction,Ended,2013-04-15,60,7.8,Syfy,United States,https://www.tvmaze.com/shows/94/defiance
95,Falling Skies,Scripted,English,Drama | Action | Science-Fiction,Ended,2011-06-19,60,7.6,TNT,United States,https://www.tvmaze.com/shows/95/falling-skies
96,Manhattan Love Story,Scripted,English,Comedy | Romance,Ended,2014-09-30,30,5.4,ABC,United States,https://www.tvmaze.com/shows/96/manhattan-love-story
97,The Biggest Loser,Reality,English,,Ended,2004-10-19,60,6,USA Network,United States,https://www.tvmaze.com/shows/97/the-biggest-loser
98,Scandal,Scripted,English,Drama | Thriller,Ended,2012-04-05,60,7.9,ABC,United States,https://www.tvmaze.com/shows/98/scandal
99,America's Next Top Model,Reality,English,,Ended,2003-05-20,60,5.5,VH1,United States,https://www.tvmaze.com/shows/99/americas-next-top-model
100,Blue Bloods,Scripted,English,Drama | Crime,Ended,2010-09-24,60,8.1,CBS,United States,https://www.tvmaze.com/shows/100/blue-bloods
101,The Good Wife,Scripted,English,Drama | Crime | Legal,Ended,2009-09-22,60,8.1,CBS,United States,https://www.tvmaze.com/shows/101/the-good-wife
102,Boardwalk Empire,Scripted,English,Drama | Crime,Ended,2010-09-19,60,8.4,HBO,United States,https://www.tvmaze.com/shows/102/boardwalk-empire
103,Law & Order: Special Victims Unit,Scripted,English,Drama | Crime | Legal,Running,1999-09-20,60,7.9,NBC,United States,https://www.tvmaze.com/shows/103/law-order-special-victims-unit
104,Dominion,Scripted,English,Action | Adventure | Fantasy,Ended,2014-06-19,60,7.2,Syfy,United States,https://www.tvmaze.com/shows/104/dominion
105,From Dusk Till Dawn: The Series,Scripted,English,Action | Crime | Horror,Ended,2014-03-11,60,6.5,El Rey Network,United States,https://www.tvmaze.com/shows/105/from-dusk-till-dawn-the-series
106,Justified,Scripted,English,Drama | Crime | Western,Ended,2010-03-16,60,8.7,FX,United States,https://www.tvmaze.com/shows/106/justified
107,Bob's Burgers,Animation,English,Comedy | Family,Running,2011-01-09,30,7.9,FOX,United States,https://www.tvmaze.com/shows/107/bobs-burgers
108,Mulaney,Scripted,English,Comedy | Family,Ended,2014-10-05,30,6,FOX,United States,https://www.tvmaze.com/shows/108/mulaney
109,CSI: Crime Scene Investigation,Scripted,English,Drama | Action | Crime,Ended,2000-10-06,60,8.1,CBS,United States,https://www.tvmaze.com/shows/109/csi-crime-scene-investigation
110,Gracepoint,Scripted,English,Drama | Crime | Mystery,Ended,2014-10-02,60,7.5,FOX,United States,https://www.tvmaze.com/shows/110/gracepoint
111,Once Upon a Time,Scripted,English,Drama | Fantasy | Romance,Ended,2011-10-23,60,7.5,ABC,United States,https://www.tvmaze.com/shows/111/once-upon-a-time
112,South Park,Animation,English,Comedy,Running,1997-08-13,30,8.3,Comedy Central,United States,https://www.tvmaze.com/shows/112/south-park
114,Survivor,Reality,English,Adventure,Running,2000-05-31,90,7.3,CBS,United States,https://www.tvmaze.com/shows/114/survivor
115,King of the Hill,Animation,English,Comedy,Running,1997-01-12,,7.6,Hulu,United States,https://www.tvmaze.com/shows/115/king-of-the-hill
116,The Mentalist,Scripted,English,Drama | Crime | Mystery,Ended,2008-09-23,60,8.2,CBS,United States,https://www.tvmaze.com/shows/116/the-mentalist
117,Star Wars: Rebels,Animation,English,Action | Adventure | Science-Fiction,Ended,2014-09-29,30,7.9,Disney XD,United States,https://www.tvmaze.com/shows/117/star-wars-rebels
118,House,Scripted,English,Drama | Mystery | Medical,Ended,2004-11-16,60,8.7,FOX,United States,https://www.tvmaze.com/shows/118/house
120,Transparent,Scripted,English,Drama | Comedy,Ended,2014-09-26,,7.3,Prime Video,,https://www.tvmaze.com/shows/120/transparent
122,Nikita,Scripted,English,Drama | Action | Crime,Ended,2010-09-09,60,7.8,The CW,United States,https://www.tvmaze.com/shows/122/nikita
123,Lost,Scripted,English,Drama | Adventure | Supernatural,Ended,2004-09-22,60,8.2,ABC,United States,https://www.tvmaze.com/shows/123/lost
124,2 Broke Girls,Scripted,English,Comedy,Ended,2011-09-19,30,7.3,CBS,United States,https://www.tvmaze.com/shows/124/2-broke-girls
125,Selfie,Scripted,English,Comedy | Romance,Ended,2014-09-30,30,7.1,ABC,United States,https://www.tvmaze.com/shows/125/selfie
126,Mom,Scripted,English,Comedy | Family,Ended,2013-09-23,30,7.6,CBS,United States,https://www.tvmaze.com/shows/126/mom
127,The Affair,Scripted,English,Drama | Romance,Ended,2014-10-12,60,7.7,Paramount+ with Showtime,United States,https://www.tvmaze.com/shows/127/the-affair
128,Jane the Virgin,Scripted,English,Drama | Crime | Romance,Ended,2014-10-13,60,7.4,The CW,United States,https://www.tvmaze.com/shows/128/jane-the-virgin
129,Marry Me,Scripted,English,Comedy,Ended,2014-10-14,30,5.4,NBC,United States,https://www.tvmaze.com/shows/129/marry-me
130,Two and a Half Men,Scripted,English,Comedy | Family,Ended,2003-09-22,30,6.7,CBS,United States,https://www.tvmaze.com/shows/130/two-and-a-half-men
131,About a Boy,Scripted,English,Drama | Comedy | Romance,Ended,2014-02-22,30,6.6,NBC,United States,https://www.tvmaze.com/shows/131/about-a-boy
132,The Millers,Scripted,English,Comedy,Ended,2013-10-03,30,6.2,CBS,United States,https://www.tvmaze.com/shows/132/the-millers
133,Elementary,Scripted,English,Drama | Crime | Mystery,Ended,2012-09-27,60,8.3,CBS,United States,https://www.tvmaze.com/shows/133/elementary
134,Heroes,Scripted,English,Drama | Action | Science-Fiction,Ended,2006-09-25,60,7.7,NBC,United States,https://www.tvmaze.com/shows/134/heroes
136,The McCarthys,Scripted,English,Comedy | Family,Ended,2014-10-30,30,6.8,CBS,United States,https://www.tvmaze.com/shows/136/the-mccarthys
137,Cristela,Scripted,English,Comedy | Legal,Ended,2014-10-10,30,7,ABC,United States,https://www.tvmaze.com/shows/137/cristela
138,The Leftovers,Scripted,English,Drama | Science-Fiction | Thriller,Ended,2014-06-29,60,8,HBO,United States,https://www.tvmaze.com/shows/138/the-leftovers
139,Girls,Scripted,English,Drama | Romance,Ended,2012-04-15,30,6.5,HBO,United States,https://www.tvmaze.com/shows/139/girls
140,Looking,Scripted,English,Drama | Comedy | Romance,Ended,2014-01-19,30,7.3,HBO,United States,https://www.tvmaze.com/shows/140/looking
141,Getting On,Scripted,English,Comedy | Medical,Ended,2013-11-24,30,7.1,HBO,United States,https://www.tvmaze.com/shows/141/getting-on
142,Veep,Scripted,English,Comedy,Ended,2012-04-22,30,7.8,HBO,United States,https://www.tvmaze.com/shows/142/veep
143,Silicon Valley,Scripted,English,Comedy,Ended,2014-04-06,30,8.4,HBO,United States,https://www.tvmaze.com/shows/143/silicon-valley
144,The Comeback,Scripted,English,Comedy,Ended,2005-06-05,30,6.5,HBO,United States,https://www.tvmaze.com/shows/144/the-comeback
145,House of Lies,Scripted,English,Drama | Comedy,Ended,2012-01-08,30,7.9,Paramount+ with Showtime,United States,https://www.tvmaze.com/shows/145/house-of-lies
146,Episodes,Scripted,English,Comedy,Ended,2011-01-09,30,7.9,Paramount+ with Showtime,United States,https://www.tvmaze.com/shows/146/episodes
147,Nurse Jackie,Scripted,English,Drama | Comedy,Ended,2009-06-08,30,7.8,Paramount+ with Showtime,United States,https://www.tvmaze.com/shows/147/nurse-jackie
148,Web Therapy,Scripted,English,Comedy,Ended,2011-07-19,30,7.1,Paramount+ with Showtime,United States,https://www.tvmaze.com/shows/148/web-therapy
149,Masters of Sex,Scripted,English,Drama | Romance | History,Ended,2013-09-29,60,7.3,Paramount+ with Showtime,United States,https://www.tvmaze.com/shows/149/masters-of-sex
150,Shameless,Scripted,English,Drama | Comedy | Family,Ended,2011-01-09,60,8.5,Paramount+ with Showtime,United States,https://www.tvmaze.com/shows/150/shameless
151,The Newsroom,Scripted,English,Drama,Ended,2012-06-24,60,8.4,HBO,United States,https://www.tvmaze.com/shows/151/the-newsroom
152,Ray Donovan,Scripted,English,Drama | Action | Crime,Ended,2013-06-30,60,8.1,Paramount+ with Showtime,United States,https://www.tvmaze.com/shows/152/ray-donovan
153,Utopia,Reality,English,,Ended,2014-09-07,60,,FOX,United States,https://www.tvmaze.com/shows/153/utopia
154,Sanctuary,Scripted,English,Drama | Adventure | Science-Fiction,Ended,2008-10-03,60,8,Syfy,United States,https://www.tvmaze.com/shows/154/sanctuary
155,Beauty & the Beast,Scripted,English,Action | Romance | Science-Fiction,Ended,2012-10-11,60,7.3,The CW,United States,https://www.tvmaze.com/shows/155/beauty-the-beast
156,Twin Peaks,Scripted,English,Crime | Mystery | Supernatural,Ended,1990-04-08,60,8,Paramount+ with Showtime,United States,https://www.tvmaze.com/shows/156/twin-peaks
157,The Americans,Scripted,English,Drama | Espionage,Ended,2013-01-30,60,8.5,FX,United States,https://www.tvmaze.com/shows/157/the-americans
158,Fringe,Scripted,English,Drama | Action | Science-Fiction,Ended,2008-09-09,60,8.6,FOX,United States,https://www.tvmaze.com/shows/158/fringe
159,State of Affairs,Scripted,English,Drama | Thriller,Ended,2014-11-17,60,6.5,NBC,United States,https://www.tvmaze.com/shows/159/state-of-affairs
160,Weeds,Scripted,English,Drama | Comedy | Crime,Ended,2005-08-07,30,7.9,Paramount+ with Showtime,United States,https://www.tvmaze.com/shows/160/weeds
161,Dexter,Scripted,English,Drama | Crime | Mystery,Ended,2006-10-01,60,8.4,Paramount+ with Showtime,United States,https://www.tvmaze.com/shows/161/dexter
162,Carnivàle,Scripted,English,Drama | Fantasy | Horror,Ended,2003-09-14,60,8,HBO,United States,https://www.tvmaze.com/shows/162/carnivale
163,Human Target,Scripted,English,Action | Adventure | Crime,Ended,2010-01-17,60,8,FOX,United States,https://www.tvmaze.com/shows/163/human-target
164,Banshee,Scripted,English,Drama | Action | Crime,Ended,2013-01-11,60,8.6,Cinemax,United States,https://www.tvmaze.com/shows/164/banshee
165,Bionic Woman,Scripted,English,Action | Science-Fiction,Ended,2007-09-26,60,6.4,NBC,United States,https://www.tvmaze.com/shows/165/bionic-woman
166,Battlestar Galactica,Scripted,English,Drama | Science-Fiction | War,Ended,2003-12-08,60,8.7,Syfy,United States,https://www.tvmaze.com/shows/166/battlestar-galactica
167,24,Scripted,English,Drama | Action | Thriller,Ended,2001-11-06,60,8.2,FOX,United States,https://www.tvmaze.com/shows/167/24
168,Chuck,Scripted,English,Drama | Comedy | Action,Ended,2007-09-24,60,8.2,NBC,United States,https://www.tvmaze.com/shows/168/chuck
169,Breaking Bad,Scripted,English,Drama | Crime | Thriller,Ended,2008-01-20,60,9.2,AMC,United States,https://www.tvmaze.com/shows/169/breaking-bad
170,Orange Is the New Black,Scripted,English,Drama | Comedy | Crime,Ended,2013-07-11,,7.9,Netflix,,https://www.tvmaze.com/shows/170/orange-is-the-new-black
171,How I Met Your Mother,Scripted,English,Drama | Comedy | Romance,Ended,2005-09-19,30,7.9,CBS,United States,https://www.tvmaze.com/shows/171/how-i-met-your-mother
172,Suits,Scripted,English,Drama | Legal,Ended,2011-06-23,60,8.1,USA Network,United States,https://www.tvmaze.com/shows/172/suits
174,Parks and Recreation,Scripted,English,Comedy,Ended,2009-04-09,30,8.1,NBC,United States,https://www.tvmaze.com/shows/174/parks-and-recreation
175,House of Cards,Scripted,English,Drama | Thriller,Ended,2013-02-01,,8.2,Netflix,,https://www.tvmaze.com/shows/175/house-of-cards
176,Teen Wolf,Scripted,English,Drama | Romance | Supernatural,Ended,2011-06-05,60,8.1,MTV,United States,https://www.tvmaze.com/shows/176/teen-wolf
177,Pretty Little Liars,Scripted,English,Romance | Thriller | Mystery,Ended,2010-06-08,60,7.4,Freeform,United States,https://www.tvmaze.com/shows/177/pretty-little-liars
178,The Legend of Korra,Animation,English,Action | Adventure | Fantasy,Ended,2012-04-14,30,7.9,Nickelodeon,United States,https://www.tvmaze.com/shows/178/the-legend-of-korra
179,The Wire,Scripted,English,Drama | Crime,Ended,2002-06-02,60,8.9,HBO,United States,https://www.tvmaze.com/shows/179/the-wire
180,Firefly,Scripted,English,Drama | Adventure | Science-Fiction,Ended,2002-09-20,60,9,FOX,United States,https://www.tvmaze.com/shows/180/firefly
181,Extant,Scripted,English,Drama | Science-Fiction | Thriller,Ended,2014-07-09,60,7.3,CBS,United States,https://www.tvmaze.com/shows/181/extant
182,Black Sails,Scripted,English,Drama | Action | Adventure,Ended,2014-01-25,60,8.4,STARZ,United States,https://www.tvmaze.com/shows/182/black-sails
183,Tyrant,Scripted,English,Drama | Thriller,Ended,2014-06-24,60,7.9,FX,United States,https://www.tvmaze.com/shows/183/tyrant
184,BoJack Horseman,Animation,English,Drama | Comedy,Ended,2014-08-22,,7.9,Netflix,,https://www.tvmaze.com/shows/184/bojack-horseman
185,Salem,Scripted,English,Drama | Thriller | Supernatural,Ended,2014-04-20,60,6.9,NewsNation,United States,https://www.tvmaze.com/shows/185/salem
186,TURN: Washington's Spies,Scripted,English,Drama | War,Ended,2014-04-06,60,7.8,AMC,United States,https://www.tvmaze.com/shows/186/turn-washingtons-spies
187,Intelligence,Scripted,English,Action | Science-Fiction,Ended,2014-01-07,60,6.5,CBS,United States,https://www.tvmaze.com/shows/187/intelligence
188,Believe,Scripted,English,Drama | Action | Fantasy,Ended,2014-03-10,60,7.3,NBC,United States,https://www.tvmaze.com/shows/188/believe
189,Star-Crossed,Scripted,English,Drama | Romance | Science-Fiction,Ended,2014-02-17,60,6.9,The CW,United States,https://www.tvmaze.com/shows/189/star-crossed
190,Crisis,Scripted,English,Drama | Action | Thriller,Ended,2014-03-16,60,7.1,NBC,United States,https://www.tvmaze.com/shows/190/crisis
191,Halt and Catch Fire,Scripted,English,Drama,Ended,2014-06-01,60,8.1,AMC,United States,https://www.tvmaze.com/shows/191/halt-and-catch-fire
192,Hello Ladies,Scripted,English,Comedy,Ended,2013-09-29,30,6.5,HBO,United States,https://www.tvmaze.com/shows/192/hello-ladies
193,Dads,Scripted,English,Comedy,Ended,2013-09-17,30,5.1,FOX,United States,https://www.tvmaze.com/shows/193/dads
194,Hannibal,Scripted,English,Drama | Crime | Horror,Ended,2013-04-04,60,8.2,NBC,United States,https://www.tvmaze.com/shows/194/hannibal
195,Bates Motel,Scripted,English,Drama | Horror | Thriller,Ended,2013-03-18,60,8,A&E,United States,https://www.tvmaze.com/shows/195/bates-motel
196,The Following,Scripted,English,Drama | Crime | Thriller,Ended,2013-01-21,60,7,FOX,United States,https://www.tvmaze.com/shows/196/the-following
197,Da Vinci's Demons,Scripted,English,Drama | Horror,Ended,2013-04-12,60,8,Lionsgate+,,https://www.tvmaze.com/shows/197/da-vincis-demons
198,The Fosters,Scripted,English,Drama | Family | Romance,Ended,2013-06-03,60,7.5,Freeform,United States,https://www.tvmaze.com/shows/198/the-fosters
199,Mistresses,Scripted,English,Drama | Romance,Ended,2013-06-03,60,7.6,ABC,United States,https://www.tvmaze.com/shows/199/mistresses
200,The Tomorrow People,Scripted,English,Action | Science-Fiction,Ended,2013-10-09,60,7.3,The CW,United States,https://www.tvmaze.com/shows/200/the-tomorrow-people
201,Devious Maids,Scripted,English,Drama | Crime | Mystery,Ended,2013-06-23,60,7.6,Lifetime,United States,https://www.tvmaze.com/shows/201/devious-maids
202,Almost Human,Scripted,English,Drama | Crime | Science-Fiction,Ended,2013-11-17,60,7.7,FOX,United States,https://www.tvmaze.com/shows/202/almost-human
203,The Carrie Diaries,Scripted,English,Drama | Comedy | Romance,Ended,2013-01-14,60,6.5,The CW,United States,https://www.tvmaze.com/shows/203/the-carrie-diaries
204,Stargate SG·1,Scripted,English,Action | Adventure | Science-Fiction,Ended,1997-07-27,60,8.8,Syfy,United States,https://www.tvmaze.com/shows/204/stargate-sg1
205,Graceland,Scripted,English,Drama | Action | Crime,Ended,2013-06-06,60,7.4,USA Network,United States,https://www.tvmaze.com/shows/205/graceland
206,Stargate Atlantis,Scripted,English,Action | Adventure | Science-Fiction,Ended,2004-07-16,60,8.8,Syfy,United States,https://www.tvmaze.com/shows/206/stargate-atlantis
207,Stargate Universe,Scripted,English,Action | Adventure | Science-Fiction,Ended,2009-10-02,60,8.1,Syfy,United States,https://www.tvmaze.com/shows/207/stargate-universe
208,The Chair,Reality,English,,Ended,2014-09-06,60,,STARZ,United States,https://www.tvmaze.com/shows/208/the-chair
209,Survivor's Remorse,Scripted,English,Drama | Comedy | Sports,Ended,2014-10-04,30,6.6,STARZ,United States,https://www.tvmaze.com/shows/209/survivors-remorse
210,Doctor Who,Scripted,English,Drama | Adventure | Science-Fiction,Ended,2005-03-26,,8.3,BBC One,United Kingdom,https://www.tvmaze.com/shows/210/doctor-who
211,666 Park Avenue,Scripted,English,Drama | Mystery | Supernatural,Ended,2012-09-30,60,6.6,ABC,United States,https://www.tvmaze.com/shows/211/666-park-avenue
212,Alcatraz,Scripted,English,Drama | Science-Fiction | Thriller,Ended,2012-01-16,60,7,FOX,United States,https://www.tvmaze.com/shows/212/alcatraz
213,The Gates,Scripted,English,Drama | Crime | Supernatural,Ended,2010-06-20,60,7.3,ABC,United States,https://www.tvmaze.com/shows/213/the-gates
214,Kingdom,Scripted,English,Drama | Family | Sports,Ended,2014-10-08,60,7.9,Audience Network,United States,https://www.tvmaze.com/shows/214/kingdom
215,American Dad!,Animation,English,Comedy | Family,Running,2005-02-06,30,7.5,FOX,United States,https://www.tvmaze.com/shows/215/american-dad
216,Rick and Morty,Animation,English,Comedy | Adventure | Science-Fiction,Running,2013-12-02,30,8.7,Adult Swim,United States,https://www.tvmaze.com/shows/216/rick-and-morty
217,Hostages,Scripted,English,Drama | Thriller,Ended,2013-09-23,60,6.4,CBS,United States,https://www.tvmaze.com/shows/217/hostages
218,Being Human,Scripted,English,Drama | Horror | Romance,Ended,2011-01-17,60,7.4,Syfy,United States,https://www.tvmaze.com/shows/218/being-human
219,Alphas,Scripted,English,Drama | Science-Fiction | Supernatural,Ended,2011-07-11,60,7.5,Syfy,United States,https://www.tvmaze.com/shows/219/alphas
220,Crossing Lines,Scripted,English,Drama | Action | Crime,Ended,2013-06-23,60,7.6,TF1,France,https://www.tvmaze.com/shows/220/crossing-lines
221,Rectify,Scripted,English,Drama | Crime,Ended,2013-04-22,60,8,SundanceTV,United States,https://www.tvmaze.com/shows/221/rectify
222,Happyland,Scripted,English,Drama | Comedy,Ended,2014-09-30,60,7,MTV,United States,https://www.tvmaze.com/shows/222/happyland
224,Twisted,Scripted,English,Drama | Thriller | Mystery,Ended,2013-03-19,60,7.3,Freeform,United States,https://www.tvmaze.com/shows/224/twisted
225,Ravenswood,Scripted,English,Drama | Horror,Ended,2013-10-22,60,6.9,Freeform,United States,https://www.tvmaze.com/shows/225/ravenswood
226,The Crazy Ones,Scripted,English,Comedy,Ended,2013-09-26,30,7.1,CBS,United States,https://www.tvmaze.com/shows/226/the-crazy-ones
227,Mob City,Scripted,English,Drama | Crime,Ended,2013-12-04,60,7.4,TNT,United States,https://www.tvmaze.com/shows/227/mob-city
228,Last Resort,Scripted,English,Drama | Action | War,Ended,2012-09-27,60,7.3,ABC,United States,https://www.tvmaze.com/shows/228/last-resort
229,The Neighbors,Scripted,English,Comedy | Science-Fiction,Ended,2012-09-26,30,6.9,ABC,United States,https://www.tvmaze.com/shows/229/the-neighbors
230,Go On,Scripted,English,Comedy,Ended,2012-08-08,30,7.3,NBC,United States,https://www.tvmaze.com/shows/230/go-on
231,Vegas,Scripted,English,Drama,Ended,2012-09-25,60,7.9,CBS,United States,https://www.tvmaze.com/shows/231/vegas
232,The River,Scripted,English,Drama | Horror | Supernatural,Ended,2012-02-07,60,6.9,ABC,United States,https://www.tvmaze.com/shows/232/the-river
233,Awake,Scripted,English,Drama | Fantasy | Thriller,Ended,2012-03-01,60,7.4,NBC,United States,https://www.tvmaze.com/shows/233/awake
234,Missing,Scripted,English,Drama | Action | Thriller,Ended,2012-03-15,60,7,ABC,United States,https://www.tvmaze.com/shows/234/missing
235,The New Normal,Scripted,English,Comedy,Ended,2012-09-10,30,7.1,NBC,United States,https://www.tvmaze.com/shows/235/the-new-normal
236,GCB,Scripted,English,Drama | Comedy | Romance,Ended,2012-03-04,60,7.2,ABC,United States,https://www.tvmaze.com/shows/236/gcb
237,Revolution,Scripted,English,Action | Adventure | Science-Fiction,Ended,2012-09-17,60,7.6,NBC,United States,https://www.tvmaze.com/shows/237/revolution
238,Dallas,Scripted,English,Drama | Family,Ended,2012-06-13,60,6.7,TNT,United States,https://www.tvmaze.com/shows/238/dallas
239,Anger Management,Scripted,English,Comedy,Ended,2012-06-28,30,6.3,FX,United States,https://www.tvmaze.com/shows/239/anger-management
240,Cops,Reality,English,Action | Crime,Running,1989-03-11,,7.1,Fox Nation,United States,https://www.tvmaze.com/shows/240/cops
241,Benched,Scripted,English,Comedy | Legal,Ended,2014-10-28,30,7.2,USA Network,United States,https://www.tvmaze.com/shows/241/benched
242,The Great Fire,Scripted,English,Drama,Ended,2014-10-16,60,7,ITV1,United Kingdom,https://www.tvmaze.com/shows/242/the-great-fire
243,Conan,Talk Show,English,Comedy,Ended,2010-11-08,30,7.7,TBS,United States,https://www.tvmaze.com/shows/243/conan
244,Strange Empire,Scripted,English,Drama | Western,Ended,2014-10-06,60,7.2,CBC,Canada,https://www.tvmaze.com/shows/244/strange-empire
245,Town of the Living Dead,Reality,English,,Ended,2014-10-07,30,,Syfy,United States,https://www.tvmaze.com/shows/245/town-of-the-living-dead
246,Long Shadow,Documentary,English,War | History,Ended,2014-09-24,60,,BBC Two,United Kingdom,https://www.tvmaze.com/shows/246/long-shadow
247,The Colbert Report,Talk Show,English,Comedy,Ended,2005-10-17,30,7.2,Comedy Central,United States,https://www.tvmaze.com/shows/247/the-colbert-report
248,Transporter: The Series,Scripted,English,Action | Adventure | Crime,Ended,2013-01-04,60,7.3,RTL,Germany,https://www.tvmaze.com/shows/248/transporter-the-series
249,The Daily Show with Jon Stewart,Talk Show,English,Comedy,Ended,1999-01-11,30,8,Comedy Central,United States,https://www.tvmaze.com/shows/249/the-daily-show-with-jon-stewart
250,Kirby Buckets,Scripted,English,Comedy,Ended,2014-10-20,30,,Disney XD,United States,https://www.tvmaze.com/shows/250/kirby-buckets
251,Downton Abbey,Scripted,English,Drama | Family | Romance,Ended,2010-09-26,60,8.7,ITV1,United Kingdom,https://www.tvmaze.com/shows/251/downton-abbey
252,Girl Meets World,Scripted,English,Drama | Comedy | Family,Ended,2014-06-27,30,7.7,Disney Channel,United States,https://www.tvmaze.com/shows/252/girl-meets-world
253,Hell's Kitchen,Reality,English,Food,Running,2005-05-30,60,6.8,FOX,United States,https://www.tvmaze.com/shows/253/hells-kitchen
254,World Series of Poker,Sports,English,Sports,Running,2006-08-22,,7.8,PokerGO,,https://www.tvmaze.com/shows/254/world-series-of-poker
255,Anthony Bourdain: Parts Unknown,Documentary,English,Food | Travel,Ended,2013-04-14,60,7.7,CNN,United States,https://www.tvmaze.com/shows/255/anthony-bourdain-parts-unknown
256,Comic Book Men,Reality,English,Comedy,Ended,2012-02-12,30,7.4,AMC,United States,https://www.tvmaze.com/shows/256/comic-book-men
257,Key & Peele,Scripted,English,Comedy,Ended,2012-01-31,30,7.6,Comedy Central,United States,https://www.tvmaze.com/shows/257/key-peele
258,Glue,Scripted,English,Drama,Ended,2014-09-15,60,7.7,E4,United Kingdom,https://www.tvmaze.com/shows/258/glue
259,Southern Justice,Reality,English,Crime,Ended,2014-04-15,60,,National Geographic,United States,https://www.tvmaze.com/shows/259/southern-justice
260,Tosh.0,Variety,English,Comedy,Ended,2009-06-04,30,6.2,Comedy Central,United States,https://www.tvmaze.com/shows/260/tosh0
261,The Soup,Variety,English,Comedy,Ended,2004-07-30,30,4.5,E!,United States,https://www.tvmaze.com/shows/261/the-soup
262,The Driver,Scripted,English,Drama | Crime,Ended,2014-09-23,60,7.2,BBC One,United Kingdom,https://www.tvmaze.com/shows/262/the-driver
263,Last Week Tonight with John Oliver,Talk Show,English,Comedy,Running,2014-04-27,30,7.8,HBO,United States,https://www.tvmaze.com/shows/263/last-week-tonight-with-john-oliver
265,The Late Show with David Letterman,Talk Show,English,Comedy,Ended,1993-08-30,60,7.5,CBS,United States,https://www.tvmaze.com/shows/265/the-late-show-with-david-letterman
266,Mount Pleasant,Scripted,English,Drama | Comedy,Ended,2011-08-24,60,,Sky Showcase,United Kingdom,https://www.tvmaze.com/shows/266/mount-pleasant
267,Lovesick,Scripted,English,Comedy | Romance,Ended,2014-10-02,,7.3,Netflix,,https://www.tvmaze.com/shows/267/lovesick
268,Package Deal,Scripted,English,Comedy,Ended,2013-06-18,30,6.2,Citytv,Canada,https://www.tvmaze.com/shows/268/package-deal
269,Peaky Blinders,Scripted,English,Drama | Crime | History,Running,2013-09-12,,8.5,BBC One,United Kingdom,https://www.tvmaze.com/shows/269/peaky-blinders
270,The League,Scripted,English,Comedy | Sports,Ended,2009-10-29,30,7.6,FXX,United States,https://www.tvmaze.com/shows/270/the-league
271,Saving Hope,Scripted,English,Drama | Fantasy | Medical,Ended,2012-06-07,60,7.7,CTV,Canada,https://www.tvmaze.com/shows/271/saving-hope
272,Talking Dead,Talk Show,English,,To Be Determined,2011-10-17,60,6.3,AMC,United States,https://www.tvmaze.com/shows/272/talking-dead
273,Black Dynamite,Animation,English,Comedy | Action,Ended,2012-07-15,30,8,Adult Swim,United States,https://www.tvmaze.com/shows/273/black-dynamite
274,Bad Education,Scripted,English,Comedy,Ended,2012-08-14,,6.6,BBC iPlayer,United Kingdom,https://www.tvmaze.com/shows/274/bad-education
275,Ali G: Rezurection,Scripted,English,Comedy,Ended,2014-02-26,30,6,FXX,United States,https://www.tvmaze.com/shows/275/ali-g-rezurection
276,New Tricks,Scripted,English,Drama | Comedy | Crime,Ended,2004-04-01,60,7.8,BBC One,United Kingdom,https://www.tvmaze.com/shows/276/new-tricks
277,Brickleberry,Animation,English,Comedy,Ended,2012-09-25,30,7.7,Comedy Central,United States,https://www.tvmaze.com/shows/277/brickleberry
278,Face Off,Reality,English,,Ended,2011-01-26,60,8.1,Syfy,United States,https://www.tvmaze.com/shows/278/face-off
279,Real Time with Bill Maher,Talk Show,English,,Running,2003-02-21,60,5.2,HBO,United States,https://www.tvmaze.com/shows/279/real-time-with-bill-maher
280,Franklin & Bash,Scripted,English,Drama | Comedy | Legal,Ended,2011-06-01,60,7.2,TNT,United States,https://www.tvmaze.com/shows/280/franklin-bash
281,Mock the Week,Panel Show,English,Comedy,Ended,2005-06-05,30,7.7,BBC Two,United Kingdom,https://www.tvmaze.com/shows/281/mock-the-week
282,Awkward.,Scripted,English,Drama | Comedy | Romance,Ended,2011-07-19,30,7.3,MTV,United States,https://www.tvmaze.com/shows/282/awkward
283,Faking It,Scripted,English,Comedy | Romance,Ended,2014-04-22,30,7.5,MTV,United States,https://www.tvmaze.com/shows/283/faking-it
284,Mr. Selfridge,Scripted,English,Drama,Ended,2013-01-06,60,7.6,ITV1,United Kingdom,https://www.tvmaze.com/shows/284/mr-selfridge
285,"Signed, Sealed, Delivered",Scripted,English,Romance | Mystery,To Be Determined,2013-10-12,120,7.9,Hallmark Mystery,United States,https://www.tvmaze.com/shows/285/signed-sealed-delivered
286,Happy Valley,Scripted,English,Drama | Crime,Ended,2014-04-29,,8.1,BBC One,United Kingdom,https://www.tvmaze.com/shows/286/happy-valley
287,Kroll Show,Variety,English,Comedy,Ended,2013-01-16,30,,Comedy Central,United States,https://www.tvmaze.com/shows/287/kroll-show
288,American Idol,Reality,English,Music,Running,2002-06-11,120,5.1,ABC,United States,https://www.tvmaze.com/shows/288/american-idol
289,America's Got Talent,Variety,English,Music,Running,2006-06-21,120,5.8,NBC,United States,https://www.tvmaze.com/shows/289/americas-got-talent
290,Adventure Time,Animation,English,Comedy | Adventure | Fantasy,Ended,2008-12-07,15,7.8,Cartoon Network,United States,https://www.tvmaze.com/shows/290/adventure-time
291,Motive,Scripted,English,Drama | Crime | Mystery,Ended,2013-02-03,60,7.9,CTV,Canada,https://www.tvmaze.com/shows/291/motive
292,The NEW Celebrity Apprentice,Reality,English,,Ended,2008-01-03,60,4.5,NBC,United States,https://www.tvmaze.com/shows/292/the-new-celebrity-apprentice
293,Newswipe,Variety,English,Comedy,Ended,2009-03-25,30,,BBC Four,United Kingdom,https://www.tvmaze.com/shows/293/newswipe
294,The Night Shift,Scripted,English,Drama | Action | Medical,Ended,2014-05-27,60,8,NBC,United States,https://www.tvmaze.com/shows/294/the-night-shift
295,Top Chef,Reality,English,Food,Running,2006-03-08,75,7.3,Bravo,United States,https://www.tvmaze.com/shows/295/top-chef
296,Top Gear,Reality,English,,Ended,2010-11-21,60,5.3,History,United States,https://www.tvmaze.com/shows/296/top-gear
297,Undateable,Scripted,English,Comedy | Romance,Ended,2014-05-29,30,7.8,NBC,United States,https://www.tvmaze.com/shows/297/undateable
298,Chasing Life,Scripted,English,Drama | Romance | Medical,Ended,2014-06-10,60,7.8,Freeform,United States,https://www.tvmaze.com/shows/298/chasing-life
299,Power,Scripted,English,Drama | Crime,Ended,2014-06-07,60,7.9,STARZ,United States,https://www.tvmaze.com/shows/299/power
300,Murder in the First,Scripted,English,Drama | Crime | Mystery,Ended,2014-06-09,60,7.8,TNT,United States,https://www.tvmaze.com/shows/300/murder-in-the-first
301,Hart of Dixie,Scripted,English,Drama | Comedy | Romance,Ended,2011-09-26,60,7.9,The CW,United States,https://www.tvmaze.com/shows/301/hart-of-dixie
302,Trailer Park Boys,Scripted,English,Comedy | Crime,Running,2001-04-22,,7.6,SwearNet,Canada,https://www.tvmaze.com/shows/302/trailer-park-boys
303,Deadbeat,Scripted,English,Comedy | Supernatural,Ended,2014-04-09,,6.8,Hulu,United States,https://www.tvmaze.com/shows/303/deadbeat
304,The Venture Bros.,Animation,English,Comedy | Adventure,Ended,2003-02-16,30,8.2,Adult Swim,United States,https://www.tvmaze.com/shows/304/the-venture-bros
305,Black Mirror,Scripted,English,Drama | Science-Fiction | Thriller,Running,2011-12-04,,8.4,Netflix,,https://www.tvmaze.com/shows/305/black-mirror
306,Broadchurch,Scripted,English,Drama | Crime | Mystery,Ended,2013-03-04,60,8.4,ITV1,United Kingdom,https://www.tvmaze.com/shows/306/broadchurch
307,Bluestone 42,Scripted,English,Drama | Comedy | War,Ended,2013-03-05,30,7.3,BBC Three,United Kingdom,https://www.tvmaze.com/shows/307/bluestone-42
308,Matador,Scripted,English,Drama | Action,Ended,2014-07-15,60,6.9,El Rey Network,United States,https://www.tvmaze.com/shows/308/matador
309,Rogue,Scripted,English,Action | Crime,Ended,2013-04-03,60,7.6,Audience Network,United States,https://www.tvmaze.com/shows/309/rogue
310,Married,Scripted,English,Drama | Comedy | Romance,Ended,2014-07-17,30,5.1,FX,United States,https://www.tvmaze.com/shows/310/married
311,Satisfaction,Scripted,English,Drama | Comedy | Romance,Ended,2014-07-17,60,7.6,USA Network,United States,https://www.tvmaze.com/shows/311/satisfaction
312,You're the Worst,Scripted,English,Drama | Comedy | Romance,Ended,2014-07-17,30,7.7,FXX,United States,https://www.tvmaze.com/shows/312/youre-the-worst
313,Plebs,Scripted,English,Comedy,Ended,2013-03-25,30,7.2,ITV2,United Kingdom,https://www.tvmaze.com/shows/313/plebs
314,VICE,News,English,Drama | Crime,Ended,2013-04-05,30,7.6,Paramount+ with Showtime,United States,https://www.tvmaze.com/shows/314/vice
315,Archer,Animation,English,Comedy | Action | Espionage,Ended,2009-09-17,,8.3,FXX,United States,https://www.tvmaze.com/shows/315/archer
316,The Missing,Scripted,English,Drama | Crime | Thriller,Ended,2014-10-28,60,8,BBC One,United Kingdom,https://www.tvmaze.com/shows/316/the-missing
317,Vicious,Scripted,English,Comedy,Ended,2013-04-29,,8,ITV1,United Kingdom,https://www.tvmaze.com/shows/317/vicious
318,Community,Scripted,English,Comedy,Ended,2009-09-17,30,8.3,Yahoo! View,United States,https://www.tvmaze.com/shows/318/community
319,Cougar Town,Scripted,English,Comedy,Ended,2009-09-23,30,7.5,TBS,United States,https://www.tvmaze.com/shows/319/cougar-town
320,The Fall,Scripted,English,Drama | Crime | Thriller,Ended,2013-05-13,60,8,BBC Two,United Kingdom,https://www.tvmaze.com/shows/320/the-fall
321,Arrested Development,Scripted,English,Comedy | Family,Ended,2003-11-02,,8.2,Netflix,,https://www.tvmaze.com/shows/321/arrested-development
322,Hit the Floor,Scripted,English,Drama | Romance | Sports,Ended,2013-05-27,60,7.1,BET,United States,https://www.tvmaze.com/shows/322/hit-the-floor
323,White Collar,Scripted,English,Drama | Comedy | Crime,Ended,2009-10-23,60,8.2,USA Network,United States,https://www.tvmaze.com/shows/323/white-collar
324,MasterChef,Reality,English,Food,Running,2010-07-27,60,6.8,FOX,United States,https://www.tvmaze.com/shows/324/masterchef
325,Being Mary Jane,Scripted,English,Drama | Family,Ended,2013-07-02,60,7.8,BET,United States,https://www.tvmaze.com/shows/325/being-mary-jane
326,Undercover Boss,Reality,English,,Ended,2010-02-07,60,6.1,CBS,United States,https://www.tvmaze.com/shows/326/undercover-boss
327,Inside Amy Schumer,Variety,English,Comedy,Ended,2013-04-30,,5.6,Paramount+,,https://www.tvmaze.com/shows/327/inside-amy-schumer
328,Midsomer Murders,Scripted,English,Drama | Crime | Mystery,Running,1998-03-22,,7.9,Acorn TV,,https://www.tvmaze.com/shows/328/midsomer-murders
329,Shark Tank,Reality,English,,Running,2009-08-09,60,6.7,ABC,United States,https://www.tvmaze.com/shows/329/shark-tank
330,On the Menu,Reality,English,Food,Ended,2014-10-03,60,,TNT,United States,https://www.tvmaze.com/shows/330/on-the-menu
331,Deal With It,Reality,English,,Ended,2013-07-17,30,,TBS,United States,https://www.tvmaze.com/shows/331/deal-with-it
332,Alpha House,Scripted,English,Drama | Comedy,Ended,2013-04-19,,7.1,Prime Video,,https://www.tvmaze.com/shows/332/alpha-house
333,The Game,Scripted,English,Drama | Comedy | Sports,Ended,2006-10-01,30,,Paramount+,,https://www.tvmaze.com/shows/333/the-game
334,Drunk History,Variety,English,Comedy | History,Ended,2013-07-09,30,6.2,Comedy Central,United States,https://www.tvmaze.com/shows/334/drunk-history
335,Sherlock,Scripted,English,Drama | Crime | Mystery,Ended,2010-07-25,90,8.9,BBC One,United Kingdom,https://www.tvmaze.com/shows/335/sherlock
336,Marvel's Agent Carter,Scripted,English,Action | Adventure | Science-Fiction,Ended,2015-01-06,60,8,ABC,United States,https://www.tvmaze.com/shows/336/marvels-agent-carter
337,Ramsay's Costa Del Nightmares,Reality,English,Food,Ended,2014-09-23,60,6.7,Channel 4,United Kingdom,https://www.tvmaze.com/shows/337/ramsays-costa-del-nightmares
338,Secrets and Lies,Scripted,English,Drama | Crime | Thriller,Ended,2015-03-01,60,7.3,ABC,United States,https://www.tvmaze.com/shows/338/secrets-and-lies
339,American Crime,Scripted,English,Drama | Crime,Ended,2015-03-05,60,7.8,ABC,United States,https://www.tvmaze.com/shows/339/american-crime
340,The Librarians,Scripted,English,Action | Adventure | Supernatural,Ended,2014-12-07,60,7.3,TNT,United States,https://www.tvmaze.com/shows/340/the-librarians
341,Aquarius,Scripted,English,Drama | Crime,Ended,2015-05-28,60,7,NBC,United States,https://www.tvmaze.com/shows/341/aquarius
342,Louie,Scripted,English,Drama | Comedy,Ended,2010-06-29,30,7.9,FX,United States,https://www.tvmaze.com/shows/342/louie
343,Atlantis,Scripted,English,Drama | Adventure | Fantasy,Ended,2013-09-28,60,7.1,BBC One,United Kingdom,https://www.tvmaze.com/shows/343/atlantis
344,Rizzoli & Isles,Scripted,English,Drama | Crime,Ended,2010-07-12,60,7.9,TNT,United States,https://www.tvmaze.com/shows/344/rizzoli-isles
345,Covert Affairs,Scripted,English,Drama | Action | Espionage,Ended,2010-07-13,60,7.2,USA Network,United States,https://www.tvmaze.com/shows/345/covert-affairs
346,Hot in Cleveland,Scripted,English,Comedy,Ended,2010-06-16,30,7.8,TV Land,United States,https://www.tvmaze.com/shows/346/hot-in-cleveland
347,It's Always Sunny in Philadelphia,Scripted,English,Comedy,Running,2005-08-04,30,8.1,FXX,United States,https://www.tvmaze.com/shows/347/its-always-sunny-in-philadelphia
348,Melissa & Joey,Scripted,English,Comedy | Family,Ended,2010-08-17,30,7.7,Freeform,United States,https://www.tvmaze.com/shows/348/melissa-joey
349,The Wrong Mans,Scripted,English,Comedy | Crime | Thriller,Ended,2013-09-24,30,7.7,BBC Two,United Kingdom,https://www.tvmaze.com/shows/349/the-wrong-mans
350,Last Comic Standing,Reality,English,Comedy,Ended,2003-06-10,60,,NBC,United States,https://www.tvmaze.com/shows/350/last-comic-standing
351,Baby Daddy,Scripted,English,Comedy | Family,Ended,2012-06-20,30,7.8,Freeform,United States,https://www.tvmaze.com/shows/351/baby-daddy
352,The Exes,Scripted,English,Comedy,Ended,2011-11-30,30,7.2,TV Land,United States,https://www.tvmaze.com/shows/352/the-exes
353,Line of Duty,Scripted,English,Drama | Crime | Thriller,Running,2012-06-26,60,8.5,BBC One,United Kingdom,https://www.tvmaze.com/shows/353/line-of-duty
354,Ground Floor,Scripted,English,Comedy,Ended,2013-11-14,30,7.5,TBS,United States,https://www.tvmaze.com/shows/354/ground-floor
355,Mike & Molly,Scripted,English,Comedy | Family | Romance,Ended,2010-09-20,30,7.4,CBS,United States,https://www.tvmaze.com/shows/355/mike-molly
356,Man Down,Scripted,English,Comedy,Ended,2013-10-18,30,7.9,Channel 4,United Kingdom,https://www.tvmaze.com/shows/356/man-down
357,Perception,Scripted,English,Drama | Crime | Medical,Ended,2012-07-09,60,7.8,TNT,United States,https://www.tvmaze.com/shows/357/perception
358,Spartacus: Gods of the Arena,Scripted,English,Drama | Action | History,Ended,2011-01-21,60,8.4,STARZ,United States,https://www.tvmaze.com/shows/358/spartacus-gods-of-the-arena
359,TripTank,Animation,English,Comedy,Ended,2014-04-02,30,6.4,Comedy Central,United States,https://www.tvmaze.com/shows/359/triptank
360,Ripper Street,Scripted,English,Drama | Crime | Mystery,Ended,2012-12-30,60,8,BBC Two,United Kingdom,https://www.tvmaze.com/shows/360/ripper-street
361,Saturday Night Live,Variety,English,Comedy | Music,Running,1975-10-11,93,6,NBC,United States,https://www.tvmaze.com/shows/361/saturday-night-live
362,Switched at Birth,Scripted,English,Drama | Family,Ended,2011-06-06,60,7.6,Freeform,United States,https://www.tvmaze.com/shows/362/switched-at-birth
363,Late Night with Seth Meyers,Talk Show,English,Comedy,Running,2014-02-24,60,4.7,NBC,United States,https://www.tvmaze.com/shows/363/late-night-with-seth-meyers
364,Single Ladies,Scripted,English,Drama | Romance,Ended,2011-05-30,60,,BET Her,United States,https://www.tvmaze.com/shows/364/single-ladies
365,The After,Scripted,English,Drama | Science-Fiction | Mystery,Ended,2014-02-06,,7.8,Prime Video,,https://www.tvmaze.com/shows/365/the-after
366,Sirens,Scripted,English,Comedy,Ended,2014-03-06,30,7.7,USA Network,United States,https://www.tvmaze.com/shows/366/sirens
367,Six Feet Under,Scripted,English,Drama | Comedy,Ended,2001-06-03,60,8.1,HBO,United States,https://www.tvmaze.com/shows/367/six-feet-under
368,Red Dwarf,Scripted,English,Comedy | Science-Fiction,Ended,1988-02-15,,7.9,U&Dave,United Kingdom,https://www.tvmaze.com/shows/368/red-dwarf
369,Wizards vs Aliens,Scripted,English,Fantasy | Science-Fiction,Ended,2012-10-29,25,7.5,CBBC,United Kingdom,https://www.tvmaze.com/shows/369/wizards-vs-aliens
370,Workaholics,Scripted,English,Comedy,Ended,2011-04-06,30,7.3,Comedy Central,United States,https://www.tvmaze.com/shows/370/workaholics
371,The Red Road,Scripted,English,Drama | Crime | Family,Ended,2014-02-27,60,7.4,SundanceTV,United States,https://www.tvmaze.com/shows/371/the-red-road
372,See Dad Run,Scripted,English,Comedy,Ended,2012-10-06,30,5.8,nick@nite,United States,https://www.tvmaze.com/shows/372/see-dad-run
373,Moone Boy,Scripted,English,Comedy,Ended,2012-09-14,30,7.4,Sky Showcase,United Kingdom,https://www.tvmaze.com/shows/373/moone-boy
374,Inside No. 9,Scripted,English,Comedy | Thriller | Supernatural,Ended,2014-02-05,30,8,BBC Two,United Kingdom,https://www.tvmaze.com/shows/374/inside-no-9
375,Broad City,Scripted,English,Comedy,Ended,2014-01-22,30,8,Comedy Central,United States,https://www.tvmaze.com/shows/375/broad-city
376,Portlandia,Scripted,English,Comedy,Ended,2011-01-21,30,7,IFC,United States,https://www.tvmaze.com/shows/376/portlandia
377,The Musketeers,Scripted,English,Drama | Action | Adventure,Ended,2014-01-19,60,8,BBC One,United Kingdom,https://www.tvmaze.com/shows/377/the-musketeers
378,Citizen Khan,Scripted,English,Comedy | Family,Ended,2012-08-27,30,7.1,BBC One,United Kingdom,https://www.tvmaze.com/shows/378/citizen-khan
379,Mythbusters,Documentary,English,Adventure | Nature | DIY,Ended,2003-01-23,60,8,Science,United States,https://www.tvmaze.com/shows/379/mythbusters
380,Birds of a Feather,Scripted,English,Comedy,Ended,1989-10-16,30,7.5,ITV1,United Kingdom,https://www.tvmaze.com/shows/380/birds-of-a-feather
382,Aqua Teen Hunger Force,Animation,English,Comedy | Action | Adventure,Ended,2000-12-30,15,7.6,Adult Swim,United States,https://www.tvmaze.com/shows/382/aqua-teen-hunger-force
383,Peep Show,Scripted,English,Comedy,Ended,2003-09-19,30,7.9,Channel 4,United Kingdom,https://www.tvmaze.com/shows/383/peep-show
384,Major Crimes,Scripted,English,Drama | Action | Crime,Ended,2012-08-13,60,8,TNT,United States,https://www.tvmaze.com/shows/384/major-crimes
385,Mad Men,Scripted,English,Drama,Ended,2007-07-19,60,8.1,AMC,United States,https://www.tvmaze.com/shows/385/mad-men
386,Yonderland,Scripted,English,Comedy | Fantasy,Ended,2013-11-10,30,7.8,Sky Showcase,United Kingdom,https://www.tvmaze.com/shows/386/yonderland
387,Rookie Blue,Scripted,English,Drama | Action | Crime,Ended,2010-06-24,60,7.5,Global,Canada,https://www.tvmaze.com/shows/387/rookie-blue
388,The Late Late Show with Craig Ferguson,Talk Show,English,Comedy,Ended,2005-01-03,60,7,CBS,United States,https://www.tvmaze.com/shows/388/the-late-late-show-with-craig-ferguson
390,Last Call with Carson Daly,Talk Show,English,,Ended,2002-01-08,30,,NBC,United States,https://www.tvmaze.com/shows/390/last-call-with-carson-daly
391,Life Is Toff,Documentary,English,,Ended,2014-10-28,30,,BBC Three,United Kingdom,https://www.tvmaze.com/shows/391/life-is-toff
392,Hunted,Scripted,English,Drama | Action | Thriller,Ended,2012-10-04,60,8,BBC One,United Kingdom,https://www.tvmaze.com/shows/392/hunted
393,Video Game High School,Scripted,English,Comedy | Action | Science-Fiction,Ended,2012-05-11,30,7.5,rocketjump.com,,https://www.tvmaze.com/shows/393/video-game-high-school
394,Call the Midwife,Scripted,English,Drama | Medical | History,Running,2012-01-15,60,8.1,BBC One,United Kingdom,https://www.tvmaze.com/shows/394/call-the-midwife
395,Longmire,Scripted,English,Drama | Thriller | Western,Ended,2012-06-03,,8.3,Netflix,,https://www.tvmaze.com/shows/395/longmire
396,Gravity Falls,Animation,English,Adventure | Mystery | Supernatural,Ended,2012-06-15,30,8.8,Disney XD,United States,https://www.tvmaze.com/shows/396/gravity-falls
397,Don't Trust the B---- in Apartment 23,Scripted,English,Comedy,Ended,2012-04-11,30,7.5,ABC,United States,https://www.tvmaze.com/shows/397/dont-trust-the-b-in-apartment-23
398,Duck Dynasty,Reality,English,Comedy | Adventure,Ended,2012-03-21,30,5.8,A&E,United States,https://www.tvmaze.com/shows/398/duck-dynasty
399,The Client List,Scripted,English,Drama | Romance,Ended,2012-04-08,60,6.7,Lifetime,United States,https://www.tvmaze.com/shows/399/the-client-list
400,Copper,Scripted,English,Drama | Crime,Ended,2012-08-19,60,7.7,BBC America,United States,https://www.tvmaze.com/shows/400/copper
401,Smash,Scripted,English,Drama,Ended,2012-02-06,60,7.9,NBC,United States,https://www.tvmaze.com/shows/401/smash
402,A Young Doctor's Notebook,Scripted,English,Drama | Comedy,Ended,2012-12-06,30,7.5,Sky Arts,United Kingdom,https://www.tvmaze.com/shows/402/a-young-doctors-notebook
403,Touch,Scripted,English,Drama | Science-Fiction | Mystery,Ended,2012-01-25,60,7.5,FOX,United States,https://www.tvmaze.com/shows/403/touch
404,Magic City,Scripted,English,Drama | Crime | Mystery,Ended,2012-03-30,60,7.9,STARZ,United States,https://www.tvmaze.com/shows/404/magic-city
405,Derek,Scripted,English,Drama | Comedy,Ended,2012-04-12,30,8,Channel 4,United Kingdom,https://www.tvmaze.com/shows/405/derek
406,Men at Work,Scripted,English,Drama | Comedy,Ended,2012-05-24,30,6.9,TBS,United States,https://www.tvmaze.com/shows/406/men-at-work
407,Mortal Kombat: Legacy,Scripted,English,Action | Adventure | Fantasy,Ended,2011-04-12,10,7.3,Machinima,United States,https://www.tvmaze.com/shows/407/mortal-kombat-legacy
408,Jane by Design,Scripted,English,Drama | Comedy,Ended,2012-01-03,60,7.8,Freeform,United States,https://www.tvmaze.com/shows/408/jane-by-design
409,Invader ZIM,Animation,English,Children,Ended,2001-03-30,30,7.8,Nickelodeon,United States,https://www.tvmaze.com/shows/409/invader-zim
410,Rival Survival,Reality,English,,Ended,,60,,Discovery,United States,https://www.tvmaze.com/shows/410/rival-survival
411,The Cape,Scripted,English,Drama | Crime | Supernatural,Ended,2011-01-09,60,6.5,NBC,United States,https://www.tvmaze.com/shows/411/the-cape
412,Fairly Legal,Scripted,English,Drama,Ended,2011-01-20,60,7.8,USA Network,United States,https://www.tvmaze.com/shows/412/fairly-legal
413,Whitney,Scripted,English,Comedy | Romance,Ended,2011-09-22,30,7.3,NBC,United States,https://www.tvmaze.com/shows/413/whitney
414,Duckman: Private Dick/Family Man,Animation,English,Comedy | Crime,Ended,1994-03-05,30,7.4,USA Network,United States,https://www.tvmaze.com/shows/414/duckman-private-dickfamily-man
415,Olive Kitteridge,Scripted,English,Drama,Ended,2014-11-02,60,8,HBO,United States,https://www.tvmaze.com/shows/415/olive-kitteridge
416,Are You the One?,Reality,English,Romance,Ended,2014-01-21,,5.5,Paramount+,,https://www.tvmaze.com/shows/416/are-you-the-one
417,MasterChef Junior,Reality,English,Children | Food,Ended,2013-09-27,60,6.9,FOX,United States,https://www.tvmaze.com/shows/417/masterchef-junior
418,Chrisley Knows Best,Reality,English,Comedy | Family,Ended,2014-03-11,30,5.4,USA Network,United States,https://www.tvmaze.com/shows/418/chrisley-knows-best
419,Snooki & JWoww,Reality,English,,Ended,2012-06-21,30,5.4,MTV,United States,https://www.tvmaze.com/shows/419/snooki-jwoww
420,Slednecks,Reality,English,,Ended,2014-10-30,30,,MTV,United States,https://www.tvmaze.com/shows/420/slednecks
421,Rugrats,Animation,English,Comedy | Children,Ended,1991-08-11,30,7.2,Nickelodeon,United States,https://www.tvmaze.com/shows/421/rugrats
422,A Gifted Man,Scripted,English,Drama | Fantasy | Medical,Ended,2011-09-23,60,7.7,CBS,United States,https://www.tvmaze.com/shows/422/a-gifted-man
423,Life's Too Short,Scripted,English,Comedy,Ended,2011-11-10,30,7.3,BBC Two,United Kingdom,https://www.tvmaze.com/shows/423/lifes-too-short
424,Kourtney & Khloe Take the Hamptons,Reality,English,,Ended,2014-11-02,60,,E!,United States,https://www.tvmaze.com/shows/424/kourtney-khloe-take-the-hamptons
425,The Passing Bells,Scripted,English,Drama | War | History,Ended,2014-11-03,30,7,BBC One,United Kingdom,https://www.tvmaze.com/shows/425/the-passing-bells
426,The People Remember,Documentary,English,History,Ended,2014-11-03,45,,BBC One,United Kingdom,https://www.tvmaze.com/shows/426/the-people-remember
427,Buffy the Vampire Slayer,Scripted,English,Drama | Action | Supernatural,Ended,1997-03-10,60,8.5,UPN,United States,https://www.tvmaze.com/shows/427/buffy-the-vampire-slayer
428,Angel,Scripted,English,Drama | Action | Supernatural,Ended,1999-10-05,60,8.1,The WB,United States,https://www.tvmaze.com/shows/428/angel
429,Farscape,Scripted,English,Action | Adventure | Science-Fiction,Ended,1999-03-19,60,8.6,Syfy,United States,https://www.tvmaze.com/shows/429/farscape
430,The X-Files,Scripted,English,Drama | Crime | Science-Fiction,Ended,1993-09-10,60,8.6,FOX,United States,https://www.tvmaze.com/shows/430/the-x-files
431,Friends,Scripted,English,Comedy | Romance,Ended,1994-09-22,30,8.5,NBC,United States,https://www.tvmaze.com/shows/431/friends
432,Dollhouse,Scripted,English,Action | Science-Fiction,Ended,2009-02-13,60,7.8,FOX,United States,https://www.tvmaze.com/shows/432/dollhouse
433,Caprica,Scripted,English,Drama | Science-Fiction,Ended,2010-01-22,60,7.4,Syfy,United States,https://www.tvmaze.com/shows/433/caprica
434,Warehouse 13,Scripted,English,Drama | Science-Fiction | Mystery,Ended,2009-07-07,60,8.3,Syfy,United States,https://www.tvmaze.com/shows/434/warehouse-13
435,Smallville,Scripted,English,Drama | Adventure | Science-Fiction,Ended,2001-10-16,60,8.1,The CW,United States,https://www.tvmaze.com/shows/435/smallville
436,Dead Like Me,Scripted,English,Drama | Comedy | Supernatural,Ended,2003-06-27,60,8.1,Paramount+ with Showtime,United States,https://www.tvmaze.com/shows/436/dead-like-me
437,Xena: Warrior Princess,Scripted,English,Action | Adventure | Fantasy,Ended,1995-09-04,60,7.7,Syndication,United States,https://www.tvmaze.com/shows/437/xena-warrior-princess
438,The Adventures of Sinbad,Scripted,English,Action | Adventure,Ended,1996-09-28,60,6,Syndication,United States,https://www.tvmaze.com/shows/438/the-adventures-of-sinbad
439,Wolverine and the X-Men,Animation,English,Action | Adventure | Science-Fiction,Ended,2008-09-08,30,7.7,Nicktoons,United States,https://www.tvmaze.com/shows/439/wolverine-and-the-x-men
440,Everwood,Scripted,English,Drama | Family | Romance,Ended,2002-09-16,60,7.6,The WB,United States,https://www.tvmaze.com/shows/440/everwood
443,Once a Thief,Scripted,English,Comedy | Action | Thriller,Ended,1997-09-15,60,7,CTV,Canada,https://www.tvmaze.com/shows/443/once-a-thief
444,XIII: The Series,Scripted,English,Action | Adventure,Ended,2011-04-20,60,7.8,Showcase,Canada,https://www.tvmaze.com/shows/444/xiii-the-series
445,Metal Hurlant Chronicles,Scripted,English,Action | Adventure | Science-Fiction,Ended,2012-10-27,30,6.4,France 4,France,https://www.tvmaze.com/shows/445/metal-hurlant-chronicles
446,Defying Gravity,Scripted,English,Drama | Science-Fiction | Thriller,Ended,2009-08-02,60,7.8,CTV,Canada,https://www.tvmaze.com/shows/446/defying-gravity
447,Charlie's Angels,Scripted,English,Action | Crime,Ended,2011-09-22,60,7.7,ABC,United States,https://www.tvmaze.com/shows/447/charlies-angels
448,The Universe,Documentary,English,Adventure | Family | Science-Fiction,Ended,2007-05-29,60,7.8,Vice TV,United States,https://www.tvmaze.com/shows/448/the-universe
449,True Justice,Scripted,English,Drama | Action | Crime,Ended,2012-03-30,60,5.7,REELZ,United States,https://www.tvmaze.com/shows/449/true-justice
450,Wolf Lake,Scripted,English,Drama | Crime | Supernatural,Ended,2001-09-19,60,7.8,UPN,United States,https://www.tvmaze.com/shows/450/wolf-lake
451,Knight Rider,Scripted,English,Action | Adventure | Science-Fiction,Ended,2008-02-17,60,6.9,NBC,United States,https://www.tvmaze.com/shows/451/knight-rider
452,The Deep,Scripted,English,Drama,Ended,2010-08-03,60,7.5,BBC One,United Kingdom,https://www.tvmaze.com/shows/452/the-deep
453,Tales from the Crypt,Scripted,English,Comedy | Fantasy | Horror,Ended,1989-06-10,30,8,HBO,United States,https://www.tvmaze.com/shows/453/tales-from-the-crypt
454,Pacific Blue,Scripted,English,Drama | Action | Crime,Ended,1996-03-02,60,6.5,USA Network,United States,https://www.tvmaze.com/shows/454/pacific-blue
455,Blade: The Series,Scripted,English,Action | Supernatural,Ended,2006-06-28,60,6.8,Paramount Network,United States,https://www.tvmaze.com/shows/455/blade-the-series
456,Moonlight,Scripted,English,Drama | Horror | Romance,Ended,2007-09-28,60,7.9,CBS,United States,https://www.tvmaze.com/shows/456/moonlight
457,The Event,Scripted,English,Drama | Action | Science-Fiction,Ended,2010-09-20,60,7.3,NBC,United States,https://www.tvmaze.com/shows/457/the-event
458,FlashForward,Scripted,English,Drama | Crime | Science-Fiction,Ended,2009-09-24,60,7.8,ABC,United States,https://www.tvmaze.com/shows/458/flashforward
459,Harper's Island,Scripted,English,Horror | Thriller | Mystery,Ended,2009-04-09,60,7.7,CBS,United States,https://www.tvmaze.com/shows/459/harpers-island
460,Adventure Inc.,Scripted,English,Action | Adventure,Ended,2002-09-30,60,7.3,Syndication,United States,https://www.tvmaze.com/shows/460/adventure-inc
461,Legend of the Seeker,Scripted,English,Action | Adventure | Fantasy,Ended,2008-11-01,60,7.9,Syndication,United States,https://www.tvmaze.com/shows/461/legend-of-the-seeker
462,TekWar,Scripted,English,Action | Science-Fiction,Ended,1994-12-22,60,7.4,Syndication,United States,https://www.tvmaze.com/shows/462/tekwar
463,Dark Skies,Scripted,English,Drama | Science-Fiction,Ended,1996-09-21,60,7.8,NBC,United States,https://www.tvmaze.com/shows/463/dark-skies
464,The Pacific,Scripted,English,Drama | Action | War,Ended,2010-03-14,60,8.3,HBO,United States,https://www.tvmaze.com/shows/464/the-pacific
465,Band of Brothers,Scripted,English,Drama | Action | War,Ended,2001-09-09,60,9,HBO,United States,https://www.tvmaze.com/shows/465/band-of-brothers
466,Columbo,Scripted,English,Drama | Crime | Mystery,Ended,1968-02-20,120,8,ABC,United States,https://www.tvmaze.com/shows/466/columbo
467,Blood Ties,Scripted,English,Fantasy | Horror | Mystery,Ended,2007-03-11,60,7.9,Lifetime,United States,https://www.tvmaze.com/shows/467/blood-ties
468,"Walker, Texas Ranger",Scripted,English,Drama | Action | Crime,Ended,1993-04-21,60,7,CBS,United States,https://www.tvmaze.com/shows/468/walker-texas-ranger
469,ReGenesis,Scripted,English,Drama | Science-Fiction | Mystery,Ended,2004-10-24,60,7.8,Crave,Canada,https://www.tvmaze.com/shows/469/regenesis
470,The Prisoner,Scripted,English,Drama | Science-Fiction | Mystery,Ended,1967-10-01,50,8,ITV1,United Kingdom,https://www.tvmaze.com/shows/470/the-prisoner
471,The Prisoner,Scripted,English,Drama | Science-Fiction | Mystery,Ended,2009-11-15,60,6.9,AMC,United States,https://www.tvmaze.com/shows/471/the-prisoner
472,X-Men,Animation,English,Children | Science-Fiction,Ended,1992-10-31,30,8,FOX,United States,https://www.tvmaze.com/shows/472/x-men
473,Veronica Mars,Scripted,English,Drama | Crime | Mystery,Ended,2004-09-22,,8.5,Hulu,United States,https://www.tvmaze.com/shows/473/veronica-mars
474,Charlie's Angels,Scripted,English,Action | Adventure,Ended,1976-09-22,60,7.8,ABC,United States,https://www.tvmaze.com/shows/474/charlies-angels
475,Babylon 5,Scripted,English,Drama | Action | Science-Fiction,Ended,1993-02-22,60,8.4,TNT,United States,https://www.tvmaze.com/shows/475/babylon-5
476,Dead Set,Scripted,English,Comedy | Fantasy | Horror,Ended,2008-10-27,30,7.4,E4,United Kingdom,https://www.tvmaze.com/shows/476/dead-set
477,Son of the Beach,Scripted,English,Comedy,Ended,2000-03-14,30,6.8,FX,United States,https://www.tvmaze.com/shows/477/son-of-the-beach
478,Terminator: The Sarah Connor Chronicles,Scripted,English,Drama | Action | Science-Fiction,Ended,2008-01-13,60,8.2,FOX,United States,https://www.tvmaze.com/shows/478/terminator-the-sarah-connor-chronicles
479,Witchblade,Scripted,English,Action | Crime | Supernatural,Ended,2000-08-27,60,7.7,TNT,United States,https://www.tvmaze.com/shows/479/witchblade
480,Birds of Prey,Scripted,English,Action | Adventure | Science-Fiction,Ended,2002-10-09,60,7.7,The WB,United States,https://www.tvmaze.com/shows/480/birds-of-prey
481,The Batman,Animation,English,Action | Adventure | Science-Fiction,Ended,2004-09-11,30,7.7,The CW,United States,https://www.tvmaze.com/shows/481/the-batman
482,Masters of Horror,Scripted,English,Horror,Ended,2005-10-28,60,7.5,Paramount+ with Showtime,United States,https://www.tvmaze.com/shows/482/masters-of-horror
483,The 4400,Scripted,English,Drama | Science-Fiction | Mystery,Ended,2004-07-11,60,7.6,USA Network,United States,https://www.tvmaze.com/shows/483/the-4400
484,Painkiller Jane,Scripted,English,Action | Adventure | Science-Fiction,Ended,2007-04-13,60,7.1,Syfy,United States,https://www.tvmaze.com/shows/484/painkiller-jane
485,Day Break,Scripted,English,Drama | Science-Fiction | Thriller,Ended,2006-11-15,60,7.8,ABC,United States,https://www.tvmaze.com/shows/485/day-break
486,Gene Roddenberry's Andromeda,Scripted,English,Action | Science-Fiction,Ended,2000-10-02,60,7.7,Syfy,United States,https://www.tvmaze.com/shows/486/gene-roddenberrys-andromeda
487,Harsh Realm,Scripted,English,Drama | Action | Science-Fiction,Ended,1999-10-08,60,7,FOX,United States,https://www.tvmaze.com/shows/487/harsh-realm
488,Naruto: Shippūden,Animation,Japanese,Action | Adventure | Anime | Fantasy,Ended,2007-02-15,30,8.2,TV Tokyo,Japan,https://www.tvmaze.com/shows/488/naruto-shippuden
489,Sonic Boom,Animation,English,Comedy | Action | Children,Ended,2014-11-08,30,4.6,Boomerang,United States,https://www.tvmaze.com/shows/489/sonic-boom
490,Star Trek,Scripted,English,Action | Adventure | Science-Fiction,Ended,1966-09-08,60,8.4,NBC,United States,https://www.tvmaze.com/shows/490/star-trek
491,Star Trek: The Next Generation,Scripted,English,Action | Adventure | Science-Fiction,Ended,1987-09-28,60,8.7,Syndication,United States,https://www.tvmaze.com/shows/491/star-trek-the-next-generation
492,Star Trek: Voyager,Scripted,English,Action | Adventure | Science-Fiction,Ended,1995-01-16,60,8.3,UPN,United States,https://www.tvmaze.com/shows/492/star-trek-voyager
493,Star Trek: Deep Space Nine,Scripted,English,Action | Adventure | Science-Fiction,Ended,1993-01-03,60,8.4,Syndication,United States,https://www.tvmaze.com/shows/493/star-trek-deep-space-nine
494,V,Scripted,English,Drama | Adventure | Science-Fiction,Ended,2009-11-03,60,7.5,ABC,United States,https://www.tvmaze.com/shows/494/v
495,Naruto,Animation,Japanese,Action | Adventure | Anime | Fantasy,Ended,2002-10-03,30,7.7,TV Tokyo,Japan,https://www.tvmaze.com/shows/495/naruto
496,100 Things to Do Before High School,Scripted,English,Comedy | Children,Ended,2014-11-11,30,6.5,Nickelodeon,United States,https://www.tvmaze.com/shows/496/100-things-to-do-before-high-school
497,Strip the Cosmos,Documentary,English,Mystery | Nature | History,Ended,2014-11-12,,7.2,Science,United States,https://www.tvmaze.com/shows/497/strip-the-cosmos
498,Dogs of War,Reality,English,War,Ended,2014-11-11,60,,A&E,United States,https://www.tvmaze.com/shows/498/dogs-of-war
499,Married... with Children,Scripted,English,Comedy | Family,Ended,1987-04-05,30,8.2,FOX,United States,https://www.tvmaze.com/shows/499/married-with-children
500,Mutant X,Scripted,English,Action | Adventure | Science-Fiction,Ended,2001-10-06,60,6.9,Syndication,United States,https://www.tvmaze.com/shows/500/mutant-x
501,Northern Exposure,Scripted,English,Drama | Comedy,Ended,1990-07-12,60,8.2,CBS,United States,https://www.tvmaze.com/shows/501/northern-exposure
502,The Lost World,Scripted,English,Action | Adventure | Science-Fiction,Ended,1999-04-03,60,7.9,Syndication,United States,https://www.tvmaze.com/shows/502/the-lost-world
503,The Lost Room,Scripted,English,Drama | Science-Fiction | Thriller,Ended,2006-12-11,90,8,Syfy,United States,https://www.tvmaze.com/shows/503/the-lost-room
504,Batman Beyond,Animation,English,Action | Adventure | Science-Fiction,Ended,1999-01-10,30,8,The WB,United States,https://www.tvmaze.com/shows/504/batman-beyond
505,Justice League Unlimited,Animation,English,Action | Adventure | Science-Fiction,Ended,2004-07-31,30,7.9,Cartoon Network,United States,https://www.tvmaze.com/shows/505/justice-league-unlimited
506,Charmed,Scripted,English,Drama | Romance | Supernatural,Ended,1998-10-07,60,8.2,The WB,United States,https://www.tvmaze.com/shows/506/charmed
507,Angels in America,Scripted,English,Drama | Fantasy,Ended,2003-12-07,60,8,HBO,United States,https://www.tvmaze.com/shows/507/angels-in-america
508,The Grid,Scripted,English,Drama | Thriller,Ended,2004-07-19,60,7.9,TNT,United States,https://www.tvmaze.com/shows/508/the-grid
509,Mr. Sunshine,Scripted,English,Comedy | Sports,Ended,2011-02-09,30,6.9,ABC,United States,https://www.tvmaze.com/shows/509/mr-sunshine
510,Breaking In,Scripted,English,Comedy | Action | Crime,Ended,2011-04-06,30,7.4,FOX,United States,https://www.tvmaze.com/shows/510/breaking-in
511,The Chicago Code,Scripted,English,Drama,Ended,2011-02-07,60,7.7,FOX,United States,https://www.tvmaze.com/shows/511/the-chicago-code
512,Up All Night,Scripted,English,Comedy,Ended,2011-09-14,30,6.6,NBC,United States,https://www.tvmaze.com/shows/512/up-all-night
513,The Nine Lives of Chloe King,Scripted,English,Drama | Action | Supernatural,Ended,2011-06-14,60,6.9,Freeform,United States,https://www.tvmaze.com/shows/513/the-nine-lives-of-chloe-king
514,Jessie,Scripted,English,Comedy,Ended,2011-09-30,30,7.4,Disney Channel,United States,https://www.tvmaze.com/shows/514/jessie
515,The Borgias,Scripted,English,Drama | Romance | History,Ended,2011-04-03,60,7.9,Paramount+ with Showtime,United States,https://www.tvmaze.com/shows/515/the-borgias
516,Terra Nova,Scripted,English,Action | Adventure | Science-Fiction,Ended,2011-09-26,60,7.5,FOX,United States,https://www.tvmaze.com/shows/516/terra-nova
517,Psych,Scripted,English,Drama | Comedy | Crime,Ended,2006-07-07,60,8.1,USA Network,United States,https://www.tvmaze.com/shows/517/psych
518,Bad Girls Club,Reality,English,,Ended,2006-12-05,60,,Oxygen True Crime,United States,https://www.tvmaze.com/shows/518/bad-girls-club
519,Preachers of L.A.,Reality,English,,Ended,2013-10-09,60,,Oxygen True Crime,United States,https://www.tvmaze.com/shows/519/preachers-of-la
520,Lie to Me*,Scripted,English,Drama | Crime | Mystery,Ended,2009-01-21,60,8,FOX,United States,https://www.tvmaze.com/shows/520/lie-to-me
521,The Real Housewives of New Jersey,Reality,English,,Running,2009-05-12,60,5.6,Bravo,United States,https://www.tvmaze.com/shows/521/the-real-housewives-of-new-jersey
522,Top Gear,Reality,English,,Ended,2002-10-20,60,7.3,BBC One,United Kingdom,https://www.tvmaze.com/shows/522/top-gear
523,The West Wing,Scripted,English,Drama,Ended,1999-09-22,60,8.6,NBC,United States,https://www.tvmaze.com/shows/523/the-west-wing
524,Moonshiners,Reality,English,,Running,2011-12-06,60,6.4,Discovery,United States,https://www.tvmaze.com/shows/524/moonshiners
525,Gilmore Girls,Scripted,English,Drama | Comedy | Romance,Ended,2000-10-05,60,8,The CW,United States,https://www.tvmaze.com/shows/525/gilmore-girls
526,The Office,Scripted,English,Comedy,Ended,2005-03-24,30,8.5,NBC,United States,https://www.tvmaze.com/shows/526/the-office
527,The Sopranos,Scripted,English,Drama | Crime,Ended,1999-01-10,60,8.8,HBO,United States,https://www.tvmaze.com/shows/527/the-sopranos
528,The Flash,Scripted,English,Action | Adventure | Science-Fiction,Ended,1990-09-20,,7.7,CBS,United States,https://www.tvmaze.com/shows/528/the-flash
529,Cupcake Wars,Reality,English,Food,Ended,2010-06-13,60,,Cooking Channel,United States,https://www.tvmaze.com/shows/529/cupcake-wars
530,Seinfeld,Scripted,English,Comedy,Ended,1989-07-05,30,8.3,NBC,United States,https://www.tvmaze.com/shows/530/seinfeld
531,Breaking Amish,Reality,English,,Ended,2012-09-09,60,,TLC,United States,https://www.tvmaze.com/shows/531/breaking-amish
532,Scrubs,Scripted,English,Drama | Comedy | Medical,Ended,2001-10-02,30,8.4,ABC,United States,https://www.tvmaze.com/shows/532/scrubs
533,Instant Mom,Scripted,English,Comedy | Family,Ended,2013-09-29,30,7,TV Land,United States,https://www.tvmaze.com/shows/533/instant-mom
534,Pawn Stars,Reality,English,History,Running,2009-07-19,60,6.9,History,United States,https://www.tvmaze.com/shows/534/pawn-stars
535,Anthony Bourdain: No Reservations,Documentary,English,Food | Travel,Ended,2005-07-25,60,7.8,Travel Channel,United States,https://www.tvmaze.com/shows/535/anthony-bourdain-no-reservations
536,Whose Line Is It Anyway?,Variety,English,Comedy | Family,Ended,1998-08-05,30,7.6,The CW,United States,https://www.tvmaze.com/shows/536/whose-line-is-it-anyway
537,30 Rock,Scripted,English,Comedy,Ended,2006-10-11,30,8,NBC,United States,https://www.tvmaze.com/shows/537/30-rock
538,Futurama,Animation,English,Comedy | Adventure | Science-Fiction,Running,1999-03-28,,8.6,Hulu,United States,https://www.tvmaze.com/shows/538/futurama
539,The IT Crowd,Scripted,English,Comedy,Ended,2006-02-03,30,8.7,Channel 4,United Kingdom,https://www.tvmaze.com/shows/539/the-it-crowd
540,Frasier,Scripted,English,Comedy,Ended,1993-09-16,30,8,NBC,United States,https://www.tvmaze.com/shows/540/frasier
541,Prison Break,Scripted,English,Drama | Crime | Thriller,Ended,2005-08-29,60,8.2,FOX,United States,https://www.tvmaze.com/shows/541/prison-break
542,Eureka,Scripted,English,Drama | Comedy | Science-Fiction,Ended,2006-07-18,60,8.5,Syfy,United States,https://www.tvmaze.com/shows/542/eureka
543,Monk,Scripted,English,Drama | Crime | Mystery,Ended,2002-07-12,60,8,USA Network,United States,https://www.tvmaze.com/shows/543/monk
544,Home Improvement,Scripted,English,Comedy | Family,Ended,1991-09-17,30,7.3,ABC,United States,https://www.tvmaze.com/shows/544/home-improvement
545,Halo: Nightfall,Scripted,English,Action | Adventure | Science-Fiction,Ended,2014-11-11,30,6.2,XBOX Live,,https://www.tvmaze.com/shows/545/halo-nightfall
546,Babylon,Scripted,English,Drama | Comedy | Crime,Ended,2014-02-09,65,7.9,Channel 4,United Kingdom,https://www.tvmaze.com/shows/546/babylon
547,ER,Scripted,English,Drama | Medical,Ended,1994-09-19,60,7.9,NBC,United States,https://www.tvmaze.com/shows/547/er
548,Skins,Scripted,English,Drama | Comedy,Ended,2007-01-25,60,7.9,E4,United Kingdom,https://www.tvmaze.com/shows/548/skins
549,Will & Grace,Scripted,English,Comedy,Ended,1998-09-21,30,7.3,NBC,United States,https://www.tvmaze.com/shows/549/will-grace
550,Desperate Housewives,Scripted,English,Drama | Comedy | Mystery,Ended,2004-10-03,60,7.6,ABC,United States,https://www.tvmaze.com/shows/550/desperate-housewives
551,Curb Your Enthusiasm,Scripted,English,Comedy,Ended,2000-10-15,30,7.9,HBO,United States,https://www.tvmaze.com/shows/551/curb-your-enthusiasm
552,The King of Queens,Scripted,English,Comedy | Family,Ended,1998-09-21,30,7.2,CBS,United States,https://www.tvmaze.com/shows/552/the-king-of-queens
553,Cheers,Scripted,English,Comedy,Ended,1982-09-30,30,8,NBC,United States,https://www.tvmaze.com/shows/553/cheers
554,Dark Angel,Scripted,English,Action | Science-Fiction,Ended,2000-10-03,60,8.6,FOX,United States,https://www.tvmaze.com/shows/554/dark-angel
555,Avatar: The Last Airbender,Animation,English,Action | Adventure | Fantasy,Ended,2005-02-21,30,8.8,Nickelodeon,United States,https://www.tvmaze.com/shows/555/avatar-the-last-airbender
556,Wilfred,Scripted,English,Drama | Comedy | Mystery,Ended,2011-06-23,30,7.6,FXX,United States,https://www.tvmaze.com/shows/556/wilfred
557,Alias,Scripted,English,Drama | Action | Espionage,Ended,2001-09-30,60,8,ABC,United States,https://www.tvmaze.com/shows/557/alias
558,Persons Unknown,Scripted,English,Drama | Thriller | Mystery,Ended,2010-06-07,60,7.2,NBC,United States,https://www.tvmaze.com/shows/558/persons-unknown
559,Entourage,Scripted,English,Drama | Comedy,Ended,2004-07-18,30,7.7,HBO,United States,https://www.tvmaze.com/shows/559/entourage
560,One Tree Hill,Scripted,English,Drama | Family | Romance,Ended,2003-09-23,60,7.9,The CW,United States,https://www.tvmaze.com/shows/560/one-tree-hill
561,La Femme Nikita,Scripted,English,Drama | Action | Thriller,Ended,1997-01-13,60,7.7,USA Network,United States,https://www.tvmaze.com/shows/561/la-femme-nikita
562,Law & Order,Scripted,English,Drama | Crime | Legal,Running,1990-09-13,60,7.4,NBC,United States,https://www.tvmaze.com/shows/562/law-order
563,Star Wars: The Clone Wars,Animation,English,Action | Adventure | Science-Fiction,Ended,2008-10-03,,8.4,Disney+,,https://www.tvmaze.com/shows/563/star-wars-the-clone-wars
564,Nip/Tuck,Scripted,English,Drama | Medical,Ended,2003-07-22,60,7.8,FX,United States,https://www.tvmaze.com/shows/564/niptuck
565,Deadwood,Scripted,English,Drama | Crime | Western,Ended,2004-03-21,60,8.7,HBO,United States,https://www.tvmaze.com/shows/565/deadwood
566,Ghost Whisperer,Scripted,English,Drama | Fantasy,Ended,2005-09-23,60,7.7,CBS,United States,https://www.tvmaze.com/shows/566/ghost-whisperer
567,Gossip Girl,Scripted,English,Drama | Romance,Ended,2007-09-19,60,7.3,The CW,United States,https://www.tvmaze.com/shows/567/gossip-girl
568,Malcolm in the Middle,Scripted,English,Comedy,Ended,2000-01-09,,7.8,FOX,United States,https://www.tvmaze.com/shows/568/malcolm-in-the-middle
569,Dharma & Greg,Scripted,English,Comedy | Family | Romance,Ended,1997-09-24,30,7.4,ABC,United States,https://www.tvmaze.com/shows/569/dharma-greg
570,NYPD Blue,Scripted,English,Drama | Crime,Ended,1993-09-21,60,7.9,ABC,United States,https://www.tvmaze.com/shows/570/nypd-blue
571,The Glades,Scripted,English,Drama | Action | Crime,Ended,2010-07-11,60,7.9,A&E,United States,https://www.tvmaze.com/shows/571/the-glades
572,American Pickers,Reality,English,Travel | History,Running,2010-01-18,60,7.4,History,United States,https://www.tvmaze.com/shows/572/american-pickers
573,Everybody Loves Raymond,Scripted,English,Comedy | Family,Ended,1996-09-13,30,7.1,CBS,United States,https://www.tvmaze.com/shows/573/everybody-loves-raymond
574,Happy Endings,Scripted,English,Comedy,Ended,2011-04-13,30,7.3,ABC,United States,https://www.tvmaze.com/shows/574/happy-endings
575,Keeping Up with the Kardashians,Reality,English,Drama,Ended,2007-10-14,60,3.2,E!,United States,https://www.tvmaze.com/shows/575/keeping-up-with-the-kardashians
576,CSI: Miami,Scripted,English,Drama | Crime,Ended,2002-09-23,60,7.6,CBS,United States,https://www.tvmaze.com/shows/576/csi-miami
577,Fawlty Towers,Scripted,English,Comedy,Ended,1975-09-19,30,8.5,BBC Two,United Kingdom,https://www.tvmaze.com/shows/577/fawlty-towers
578,90210,Scripted,English,Drama | Romance,Ended,2008-09-02,60,6.6,The CW,United States,https://www.tvmaze.com/shows/578/90210
579,Harry's Law,Scripted,English,Drama | Legal,Ended,2011-01-17,60,7.4,NBC,United States,https://www.tvmaze.com/shows/579/harrys-law
580,Raising Hope,Scripted,English,Comedy | Family,Ended,2010-09-21,30,7.9,FOX,United States,https://www.tvmaze.com/shows/580/raising-hope
581,JAG,Scripted,English,Drama | Crime | Legal,Ended,1995-09-23,60,7.4,CBS,United States,https://www.tvmaze.com/shows/581/jag
582,The Fresh Prince of Bel-Air,Scripted,English,Comedy | Family,Ended,1990-09-10,30,7.9,NBC,United States,https://www.tvmaze.com/shows/582/the-fresh-prince-of-bel-air
583,Sliders,Scripted,English,Adventure | Fantasy | Science-Fiction,Ended,1995-03-22,60,7.8,Syfy,United States,https://www.tvmaze.com/shows/583/sliders
584,Las Vegas,Scripted,English,Drama | Crime,Ended,2003-09-22,60,7.6,NBC,United States,https://www.tvmaze.com/shows/584/las-vegas
585,Ghost Hunters,Reality,English,Supernatural,To Be Determined,2004-10-06,60,6.2,Travel Channel,United States,https://www.tvmaze.com/shows/585/ghost-hunters
586,Breakout Kings,Scripted,English,Drama | Action | Crime,Ended,2011-03-06,60,7.4,A&E,United States,https://www.tvmaze.com/shows/586/breakout-kings
587,That '70s Show,Scripted,English,Comedy,Ended,1998-08-23,30,8,FOX,United States,https://www.tvmaze.com/shows/587/that-70s-show
588,NTSF:SD:SUV,Scripted,English,Comedy | Espionage,Ended,2011-07-22,15,7,Adult Swim,United States,https://www.tvmaze.com/shows/588/ntsfsdsuv
589,Bad Teacher,Scripted,English,Comedy,Ended,2014-04-24,30,5.9,CBS,United States,https://www.tvmaze.com/shows/589/bad-teacher
590,Pokémon,Animation,Japanese,Adventure | Anime | Fantasy,Ended,1997-04-01,30,7.4,TV Tokyo,Japan,https://www.tvmaze.com/shows/590/pokemon
591,Eat: The Story of Food,Documentary,English,Food,Ended,2014-11-21,60,,National Geographic,United States,https://www.tvmaze.com/shows/591/eat-the-story-of-food
592,"Dr. Oakley, Yukon Vet",Reality,English,,Ended,2014-04-12,60,7.9,National Geographic Wild,United States,https://www.tvmaze.com/shows/592/dr-oakley-yukon-vet
593,Murdoch Mysteries,Scripted,English,Drama | Crime | Mystery,Running,2008-01-24,,8.1,CBC Gem,Canada,https://www.tvmaze.com/shows/593/murdoch-mysteries
594,Henry Danger,Scripted,English,Comedy | Family | Science-Fiction,Ended,2014-07-26,30,6.7,Nickelodeon,United States,https://www.tvmaze.com/shows/594/henry-danger
595,The Thundermans,Scripted,English,Comedy | Family | Science-Fiction,Ended,2013-10-14,30,6.4,Nickelodeon,United States,https://www.tvmaze.com/shows/595/the-thundermans
597,The Real Housewives of Atlanta,Reality,English,,Running,2008-10-07,60,4.4,Bravo,United States,https://www.tvmaze.com/shows/597/the-real-housewives-of-atlanta
598,Boston Legal,Scripted,English,Drama | Comedy | Legal,Ended,2004-10-03,60,8,ABC,United States,https://www.tvmaze.com/shows/598/boston-legal
599,Hair Jacked,Game Show,English,,Ended,2014-10-27,30,,truTV,United States,https://www.tvmaze.com/shows/599/hair-jacked
600,Crowd Control,Documentary,English,,Ended,2014-11-24,30,,National Geographic,United States,https://www.tvmaze.com/shows/600/crowd-control
601,Fake Off,Reality,English,,Ended,2014-10-27,60,,truTV,United States,https://www.tvmaze.com/shows/601/fake-off
602,Euros of Hollywood,Reality,English,,Ended,2014-11-03,30,,Bravo,United States,https://www.tvmaze.com/shows/602/euros-of-hollywood
603,Godfather of Pittsburgh,Reality,English,,Ended,2014-11-10,60,,A&E,United States,https://www.tvmaze.com/shows/603/godfather-of-pittsburgh
604,Booze Traveler,Reality,English,Food | Travel,Ended,2014-11-24,60,,Travel Channel,United States,https://www.tvmaze.com/shows/604/booze-traveler
605,Eric Greenspan is Hungry,Reality,English,Food | Travel,Ended,2014-11-24,30,,National Geographic,United States,https://www.tvmaze.com/shows/605/eric-greenspan-is-hungry
607,Air Warriors,Documentary,English,Drama | Action | War,Ended,2014-11-09,60,6.8,Smithsonian Channel,United States,https://www.tvmaze.com/shows/607/air-warriors
609,The Astronaut Wives Club,Scripted,English,Drama | History,Ended,2015-06-18,60,7.2,ABC,United States,https://www.tvmaze.com/shows/609/the-astronaut-wives-club
610,Galavant,Scripted,English,Comedy | Fantasy | Music,Ended,2015-01-04,30,7.8,ABC,United States,https://www.tvmaze.com/shows/610/galavant
611,Wake Up Call,Reality,English,Drama,Ended,2014-12-12,60,,TNT,United States,https://www.tvmaze.com/shows/611/wake-up-call
612,Expedition Unknown,Reality,English,Adventure | Mystery | History,Running,2015-01-08,,7.6,Discovery,United States,https://www.tvmaze.com/shows/612/expedition-unknown
613,Eye Candy,Scripted,English,Drama | Crime | Thriller,Ended,2015-01-12,60,6.6,MTV,United States,https://www.tvmaze.com/shows/613/eye-candy
614,12 Monkeys,Scripted,English,Drama | Adventure | Science-Fiction,Ended,2015-01-16,60,7.7,Syfy,United States,https://www.tvmaze.com/shows/614/12-monkeys
615,Sons of Liberty,Scripted,English,Drama | Action | History,Ended,2015-01-25,120,7.9,History,United States,https://www.tvmaze.com/shows/615/sons-of-liberty
616,Street Art Throwdown,Reality,English,,Ended,2015-02-03,60,,Oxygen True Crime,United States,https://www.tvmaze.com/shows/616/street-art-throwdown
617,Allegiance,Scripted,English,Drama | Crime | Thriller,Ended,2015-02-05,60,7,NBC,United States,https://www.tvmaze.com/shows/617/allegiance
618,Better Call Saul,Scripted,English,Drama | Crime | Legal,Ended,2015-02-08,60,8.6,AMC,United States,https://www.tvmaze.com/shows/618/better-call-saul
619,Outlaw Country,Reality,English,Drama | Crime,Ended,2015-02-24,60,,NewsNation,United States,https://www.tvmaze.com/shows/619/outlaw-country
620,The Last Man on Earth,Scripted,English,Comedy | Science-Fiction,Ended,2015-03-01,30,6.9,FOX,United States,https://www.tvmaze.com/shows/620/the-last-man-on-earth
621,Backstrom,Scripted,English,Drama | Comedy | Crime,Ended,2015-01-22,60,7.8,FOX,United States,https://www.tvmaze.com/shows/621/backstrom
622,Wrestling with Death,Reality,English,,Ended,2015-01-13,30,,NewsNation,United States,https://www.tvmaze.com/shows/622/wrestling-with-death
623,Younger,Scripted,English,Comedy | Romance,Ended,2015-03-31,,7.3,Paramount+,,https://www.tvmaze.com/shows/623/younger
624,Hindsight,Scripted,English,Drama | Comedy | Science-Fiction,Ended,2015-01-07,60,6.8,VH1,United States,https://www.tvmaze.com/shows/624/hindsight
625,Polka Kings,Reality,English,,Ended,2015-04-11,30,,REELZ,United States,https://www.tvmaze.com/shows/625/polka-kings
626,A.D. The Bible Continues,Scripted,English,Drama | Adventure,Ended,2015-04-05,60,6.1,NBC,United States,https://www.tvmaze.com/shows/626/ad-the-bible-continues
627,Dig,Scripted,English,Drama | Thriller | Mystery,Ended,2015-03-05,60,7.3,USA Network,United States,https://www.tvmaze.com/shows/627/dig
628,Rock This Boat: New Kids on the Block,Reality,English,,Ended,2015-01-14,30,,Pop,United States,https://www.tvmaze.com/shows/628/rock-this-boat-new-kids-on-the-block
629,Kitchen Inferno,Reality,English,Food,Ended,2014-11-05,60,,Food Network,United States,https://www.tvmaze.com/shows/629/kitchen-inferno
630,Murder Book,Documentary,English,Crime,Ended,2014-12-02,60,,Investigation Discovery,United States,https://www.tvmaze.com/shows/630/murder-book
631,My Strange Criminal Addiction,Documentary,English,Crime,Ended,2014-12-01,60,,Investigation Discovery,United States,https://www.tvmaze.com/shows/631/my-strange-criminal-addiction
632,Momsters: When Moms Go Bad,Reality,English,,Ended,2014-11-28,30,,Investigation Discovery,United States,https://www.tvmaze.com/shows/632/momsters-when-moms-go-bad
633,Food Truck Face Off,Reality,English,,Ended,2014-09-28,60,,Food Network,United States,https://www.tvmaze.com/shows/633/food-truck-face-off
634,Love the Way You Lie,Reality,English,Drama | Crime,Ended,2014-11-12,60,,Investigation Discovery,United States,https://www.tvmaze.com/shows/634/love-the-way-you-lie
635,Ascension,Scripted,English,Drama | Science-Fiction,Ended,2014-12-15,120,7.7,Syfy,United States,https://www.tvmaze.com/shows/635/ascension
636,The Pioneers,Documentary,English,,Ended,2014-12-09,60,,National Geographic,United States,https://www.tvmaze.com/shows/636/the-pioneers
637,Girlfriends' Guide to Divorce,Scripted,English,Drama | Comedy | Romance,Ended,2014-12-02,60,7.5,Bravo,United States,https://www.tvmaze.com/shows/637/girlfriends-guide-to-divorce
638,Sacred Journeys with Bruce Feiler,Documentary,English,,Ended,2014-12-16,120,,PBS,United States,https://www.tvmaze.com/shows/638/sacred-journeys-with-bruce-feiler
640,Hitler the Junkie,Documentary,English,Drama | War,Ended,2014-12-14,60,,National Geographic,United States,https://www.tvmaze.com/shows/640/hitler-the-junkie
641,Biblical Conspiracies,Documentary,English,History,Ended,2014-12-14,60,,Science,United States,https://www.tvmaze.com/shows/641/biblical-conspiracies
643,Amish Renogades,Reality,English,Travel | DIY,Ended,2014-11-22,30,,Magnolia Network,United States,https://www.tvmaze.com/shows/643/amish-renogades
644,The Carbonaro Effect,Reality,English,Comedy,Ended,2014-05-15,30,7.6,truTV,United States,https://www.tvmaze.com/shows/644/the-carbonaro-effect
645,Barmageddon,Reality,English,,Ended,2014-10-29,60,,truTV,United States,https://www.tvmaze.com/shows/645/barmageddon
646,My Crazy Love,Reality,English,Romance,Ended,2014-10-28,30,,Oxygen True Crime,United States,https://www.tvmaze.com/shows/646/my-crazy-love
647,Friends of the People,Variety,English,Comedy,Ended,2014-10-28,30,,truTV,United States,https://www.tvmaze.com/shows/647/friends-of-the-people
648,Bye Felicia!,Reality,English,,Ended,2014-12-09,60,,VH1,United States,https://www.tvmaze.com/shows/648/bye-felicia
649,Nail'd It!,Reality,English,,Ended,2014-10-07,60,,Oxygen True Crime,United States,https://www.tvmaze.com/shows/649/naild-it
650,The Red Tent,Scripted,English,Drama,Ended,2014-12-07,120,6,Lifetime,United States,https://www.tvmaze.com/shows/650/the-red-tent
651,Risking It All,Reality,English,,Ended,2014-11-18,60,,TLC,United States,https://www.tvmaze.com/shows/651/risking-it-all
652,The Sisterhood: Becoming Nuns,Reality,English,,Ended,2014-11-25,60,,Lifetime,United States,https://www.tvmaze.com/shows/652/the-sisterhood-becoming-nuns
653,Lucha Underground,Sports,English,,Ended,2014-10-29,60,7.9,El Rey Network,United States,https://www.tvmaze.com/shows/653/lucha-underground
654,Country Buck$,Reality,English,,Ended,2014-11-19,30,,A&E,United States,https://www.tvmaze.com/shows/654/country-buck
655,Ally McBeal,Scripted,English,Drama | Comedy | Legal,Ended,1997-09-08,60,7.4,FOX,United States,https://www.tvmaze.com/shows/655/ally-mcbeal
656,Spin City,Scripted,English,Comedy,Ended,1996-09-17,30,7.8,ABC,United States,https://www.tvmaze.com/shows/656/spin-city
657,Spooks,Scripted,English,Drama | Thriller | Espionage,Ended,2002-05-13,60,8,BBC One,United Kingdom,https://www.tvmaze.com/shows/657/spooks
658,Crossbones,Scripted,English,Drama | Action | Adventure,Ended,2014-05-30,60,7,NBC,United States,https://www.tvmaze.com/shows/658/crossbones
659,Torchwood,Scripted,English,Drama | Science-Fiction,Ended,2006-10-22,,8.1,STARZ,United States,https://www.tvmaze.com/shows/659/torchwood
660,Joey,Scripted,English,Comedy | Romance,Ended,2004-09-09,30,6.7,NBC,United States,https://www.tvmaze.com/shows/660/joey
661,The Great Christmas Light Fight,Reality,English,,To Be Determined,2013-12-09,120,7.2,ABC,United States,https://www.tvmaze.com/shows/661/the-great-christmas-light-fight
662,Leverage,Scripted,English,Drama | Action | Crime,Ended,2008-12-07,60,8.1,TNT,United States,https://www.tvmaze.com/shows/662/leverage
663,The Shield,Scripted,English,Drama | Crime,Ended,2002-03-12,60,8.6,FX,United States,https://www.tvmaze.com/shows/663/the-shield
664,Make It or Break It,Scripted,English,Drama | Comedy | Sports,Ended,2009-06-22,60,6.4,Freeform,United States,https://www.tvmaze.com/shows/664/make-it-or-break-it
665,M*A*S*H,Scripted,English,Comedy | War | Medical,Ended,1972-09-17,30,8.5,CBS,United States,https://www.tvmaze.com/shows/665/mash
666,Drop Dead Diva,Scripted,English,Drama | Comedy | Fantasy,Ended,2009-07-12,60,7.8,Lifetime,United States,https://www.tvmaze.com/shows/666/drop-dead-diva
667,Burn Notice,Scripted,English,Action | Crime | Espionage,Ended,2007-06-28,60,8,USA Network,United States,https://www.tvmaze.com/shows/667/burn-notice
668,Teenage Mutant Ninja Turtles,Animation,English,Comedy | Action | Science-Fiction,Ended,2012-09-28,30,6.7,Nicktoons,United States,https://www.tvmaze.com/shows/668/teenage-mutant-ninja-turtles
669,In the Flesh,Scripted,English,Drama | Horror | Supernatural,Ended,2013-03-17,60,7,BBC Three,United Kingdom,https://www.tvmaze.com/shows/669/in-the-flesh
670,Luther,Scripted,English,Drama | Crime | Thriller,Running,2010-05-04,60,8.4,BBC One,United Kingdom,https://www.tvmaze.com/shows/670/luther
671,The Avengers: Earth's Mightiest Heroes!,Animation,English,Action | Adventure | Science-Fiction,Ended,2010-09-22,30,8,Disney XD,United States,https://www.tvmaze.com/shows/671/the-avengers-earths-mightiest-heroes
672,Phineas and Ferb,Animation,English,Comedy | Children,Running,2007-08-17,,7.3,Disney Channel,United States,https://www.tvmaze.com/shows/672/phineas-and-ferb
673,Roswell,Scripted,English,Drama | Romance | Science-Fiction,Ended,1999-10-06,60,7.7,UPN,United States,https://www.tvmaze.com/shows/673/roswell
674,Southland,Scripted,English,Drama | Crime | Thriller,Ended,2009-04-09,60,8.1,TNT,United States,https://www.tvmaze.com/shows/674/southland
675,Ancient Aliens,Documentary,English,,Running,2009-03-08,60,6.5,History,United States,https://www.tvmaze.com/shows/675/ancient-aliens
676,Sex and the City,Scripted,English,Drama | Comedy | Romance,Ended,1998-06-06,30,7,HBO,United States,https://www.tvmaze.com/shows/676/sex-and-the-city
677,Rome,Scripted,English,Drama | Action | Adventure,Ended,2005-08-28,60,8.4,HBO,United States,https://www.tvmaze.com/shows/677/rome
678,My Name Is Earl,Scripted,English,Comedy,Ended,2005-09-20,30,7.8,NBC,United States,https://www.tvmaze.com/shows/678/my-name-is-earl
679,Damages,Scripted,English,Drama | Legal,Ended,2007-07-24,60,7.9,Audience Network,United States,https://www.tvmaze.com/shows/679/damages
680,Airwolf,Scripted,English,Action | Adventure | Science-Fiction,Ended,1984-01-22,60,7.4,USA Network,United States,https://www.tvmaze.com/shows/680/airwolf
681,The Pretender,Scripted,English,Drama | Adventure | Mystery,Ended,1996-09-19,60,7.3,NBC,United States,https://www.tvmaze.com/shows/681/the-pretender
682,Numb3rs,Scripted,English,Drama | Action | Crime,Ended,2005-01-23,60,7.9,CBS,United States,https://www.tvmaze.com/shows/682/numb3rs
683,Boy Meets World,Scripted,English,Drama | Comedy | Family,Ended,1993-09-24,30,7.2,ABC,United States,https://www.tvmaze.com/shows/683/boy-meets-world
684,Necessary Roughness,Scripted,English,Drama | Comedy,Ended,2011-06-29,60,7.1,USA Network,United States,https://www.tvmaze.com/shows/684/necessary-roughness
685,Dance Moms,Reality,English,Drama | Family | Music,Running,2011-07-13,30,6,Lifetime,United States,https://www.tvmaze.com/shows/685/dance-moms
686,Robot Chicken,Animation,English,Comedy | Science-Fiction,Running,2005-02-20,15,7.5,Adult Swim,United States,https://www.tvmaze.com/shows/686/robot-chicken
687,Project Runway,Reality,English,,Running,2004-12-01,60,6.7,Freeform,United States,https://www.tvmaze.com/shows/687/project-runway
688,Manhattan,Scripted,English,Drama,Ended,2014-07-27,60,8,NewsNation,United States,https://www.tvmaze.com/shows/688/manhattan
689,Young Justice,Animation,English,Action | Adventure | Science-Fiction,Ended,2010-11-26,,8,HBO Max,,https://www.tvmaze.com/shows/689/young-justice
690,Roseanne,Scripted,English,Comedy | Family,Ended,1988-10-18,30,6,ABC,United States,https://www.tvmaze.com/shows/690/roseanne
691,Daniel Tiger's Neighborhood,Animation,English,Comedy | Children | Fantasy,Running,2012-09-03,,3.8,PBS Kids,United States,https://www.tvmaze.com/shows/691/daniel-tigers-neighborhood
692,Everybody Hates Chris,Scripted,English,Comedy,Ended,2005-09-22,30,7.8,The CW,United States,https://www.tvmaze.com/shows/692/everybody-hates-chris
693,Jeeves & Wooster,Scripted,English,Comedy,Ended,1990-04-22,60,8,ITV1,United Kingdom,https://www.tvmaze.com/shows/693/jeeves-wooster
694,Monty Python's Flying Circus,Variety,English,Comedy,Ended,1969-10-05,30,8,BBC One,United Kingdom,https://www.tvmaze.com/shows/694/monty-pythons-flying-circus
695,Durarara!!,Animation,Japanese,Drama | Action | Anime | Fantasy,Ended,2010-01-08,25,6.5,MBS,Japan,https://www.tvmaze.com/shows/695/durarara
696,The X Factor,Reality,English,Music,Ended,2004-09-04,60,6.2,ITV1,United Kingdom,https://www.tvmaze.com/shows/696/the-x-factor
697,The Critic,Animation,English,Comedy,Ended,1994-01-26,,6.7,Atom.com,United States,https://www.tvmaze.com/shows/697/the-critic
698,Peg + Cat,Animation,English,Children,Ended,2013-10-07,15,6.2,PBS,United States,https://www.tvmaze.com/shows/698/peg-cat
699,Play for Today,Scripted,English,Drama,Ended,1970-10-15,75,,BBC One,United Kingdom,https://www.tvmaze.com/shows/699/play-for-today
700,Marco Polo,Scripted,English,Drama | Action | Adventure,Ended,2014-12-12,,8,Netflix,,https://www.tvmaze.com/shows/700/marco-polo
701,Dancing on the Edge,Scripted,English,Drama,Ended,2013-02-04,90,7.4,BBC Two,United Kingdom,https://www.tvmaze.com/shows/701/dancing-on-the-edge
702,Gold Rush,Reality,English,Action | Adventure | Nature,Running,2010-12-03,,8,Discovery,United States,https://www.tvmaze.com/shows/702/gold-rush
703,QI,Panel Show,English,Comedy,Running,2003-09-11,,8.1,BBC iPlayer,United Kingdom,https://www.tvmaze.com/shows/703/qi
704,Shaun the Sheep,Animation,English,Comedy | Children,To Be Determined,2007-03-05,,7.9,BBC iPlayer,United Kingdom,https://www.tvmaze.com/shows/704/shaun-the-sheep
705,Fast N' Loud,Reality,English,,Ended,2012-06-06,60,7.8,Discovery,United States,https://www.tvmaze.com/shows/705/fast-n-loud
706,Teen Titans Go!,Animation,English,Comedy | Action | Science-Fiction,Running,2013-04-23,,6.9,Cartoon Network,United States,https://www.tvmaze.com/shows/706/teen-titans-go
707,Sofia the First,Animation,English,Adventure | Children | Fantasy,Ended,2013-01-11,30,6.4,Disney Channel,United States,https://www.tvmaze.com/shows/707/sofia-the-first
708,Lilyhammer,Scripted,English,Drama | Comedy | Crime,Ended,2012-01-25,45,7.9,NRK1,Norway,https://www.tvmaze.com/shows/708/lilyhammer
709,An Idiot Abroad,Documentary,English,Comedy | Adventure | Travel,Ended,2010-09-23,60,7.6,Sky Showcase,United Kingdom,https://www.tvmaze.com/shows/709/an-idiot-abroad
710,Mickey Mouse Clubhouse,Animation,English,Comedy | Children,Ended,2006-05-06,25,6.9,Disney Channel,United States,https://www.tvmaze.com/shows/710/mickey-mouse-clubhouse
711,Who's the Boss?,Scripted,English,Comedy | Family,Ended,1984-09-20,30,7.7,ABC,United States,https://www.tvmaze.com/shows/711/whos-the-boss
712,The Tudors,Scripted,English,Drama | History,Ended,2007-04-01,60,8,Paramount+ with Showtime,United States,https://www.tvmaze.com/shows/712/the-tudors
713,SpongeBob SquarePants,Animation,English,Comedy | Adventure | Fantasy,Running,1999-05-01,15,8,Nickelodeon,United States,https://www.tvmaze.com/shows/713/spongebob-squarepants
714,Star Trek: Enterprise,Scripted,English,Action | Adventure | Science-Fiction,Ended,2001-09-26,60,8.2,UPN,United States,https://www.tvmaze.com/shows/714/star-trek-enterprise
716,Spartacus,Scripted,English,Drama | Action | History,Ended,2010-01-22,60,8.5,STARZ,United States,https://www.tvmaze.com/shows/716/spartacus
717,Quantum Leap,Scripted,English,Drama | Action | Science-Fiction,Ended,1989-03-26,60,8,NBC,United States,https://www.tvmaze.com/shows/717/quantum-leap
718,The Tonight Show Starring Jimmy Fallon,Talk Show,English,Comedy,Running,2014-02-17,60,4.3,NBC,United States,https://www.tvmaze.com/shows/718/the-tonight-show-starring-jimmy-fallon
719,Tanked,Reality,English,,Ended,2011-08-07,60,7.5,Animal Planet,United States,https://www.tvmaze.com/shows/719/tanked
720,Rules of Engagement,Scripted,English,Comedy | Romance,Ended,2007-02-05,30,8,CBS,United States,https://www.tvmaze.com/shows/720/rules-of-engagement
721,Pawnography,Game Show,English,,Ended,2014-07-10,30,,History,United States,https://www.tvmaze.com/shows/721/pawnography
722,The Golden Girls,Scripted,English,Drama | Comedy,Ended,1985-09-14,30,8.1,NBC,United States,https://www.tvmaze.com/shows/722/the-golden-girls
725,Where on Earth is Carmen Sandiego?,Animation,English,Action | Adventure,Ended,1994-02-05,30,6.4,FOX,United States,https://www.tvmaze.com/shows/725/where-on-earth-is-carmen-sandiego
726,WWII in HD,Documentary,English,War | History,Ended,2009-11-15,120,,History,United States,https://www.tvmaze.com/shows/726/wwii-in-hd
727,Pee-Wee's Playhouse,Scripted,English,Comedy,Ended,1986-09-13,30,7.4,CBS,United States,https://www.tvmaze.com/shows/727/pee-wees-playhouse
728,The Profit,Reality,English,,Ended,2013-07-30,60,8,CNBC,United States,https://www.tvmaze.com/shows/728/the-profit
729,Casualty,Scripted,English,Drama | Medical,Running,1986-09-06,,7.3,BBC iPlayer,United Kingdom,https://www.tvmaze.com/shows/729/casualty
730,Blue Mountain State,Scripted,English,Comedy | Sports,Ended,2010-01-11,30,8,Paramount Network,United States,https://www.tvmaze.com/shows/730/blue-mountain-state
731,Bar Rescue,Reality,English,Food,Running,2011-07-17,60,7.3,Paramount Network,United States,https://www.tvmaze.com/shows/731/bar-rescue
732,Fresh Off the Boat,Scripted,English,Comedy,Ended,2015-02-04,30,7.3,ABC,United States,https://www.tvmaze.com/shows/732/fresh-off-the-boat
733,The Whispers,Scripted,English,Drama | Science-Fiction | Thriller,Ended,2015-06-01,60,6.9,ABC,United States,https://www.tvmaze.com/shows/733/the-whispers
734,Battle Creek,Scripted,English,Drama | Comedy | Crime,Ended,2015-03-01,60,7.3,CBS,United States,https://www.tvmaze.com/shows/734/battle-creek
735,CSI: Cyber,Scripted,English,Drama | Action | Crime,Ended,2015-03-04,60,6.7,CBS,United States,https://www.tvmaze.com/shows/735/csi-cyber
736,Teenage Mutant Ninja Turtles,Animation,English,Comedy | Action | Science-Fiction,Ended,2003-02-08,30,7.5,The CW,United States,https://www.tvmaze.com/shows/736/teenage-mutant-ninja-turtles
737,Bubble Guppies,Animation,English,Children,Ended,2011-01-24,30,5.4,Nickelodeon,United States,https://www.tvmaze.com/shows/737/bubble-guppies
738,Pregnant in Heels,Reality,English,,Ended,2011-04-05,60,,Bravo,United States,https://www.tvmaze.com/shows/738/pregnant-in-heels
739,The Odd Couple,Scripted,English,Comedy,Ended,2015-02-19,30,6.8,CBS,United States,https://www.tvmaze.com/shows/739/the-odd-couple
740,Zoo,Scripted,English,Drama | Science-Fiction | Thriller,Ended,2015-06-30,60,7.3,CBS,United States,https://www.tvmaze.com/shows/740/zoo
741,Are You Smarter Than a 5th Grader?,Game Show,English,,Ended,2007-02-27,60,,FOX,United States,https://www.tvmaze.com/shows/741/are-you-smarter-than-a-5th-grader
742,10 Things I Hate About You,Scripted,English,Drama | Comedy,Ended,2009-07-07,30,6.3,Freeform,United States,https://www.tvmaze.com/shows/742/10-things-i-hate-about-you
743,The Bachelorette,Reality,English,Romance,To Be Determined,2003-01-08,120,3.3,ABC,United States,https://www.tvmaze.com/shows/743/the-bachelorette
744,NY Med,Documentary,English,Drama | Medical,Ended,2012-07-10,60,,ABC,United States,https://www.tvmaze.com/shows/744/ny-med
745,The Real Housewives of Beverly Hills,Reality,English,,Running,2010-10-14,60,6.2,Bravo,United States,https://www.tvmaze.com/shows/745/the-real-housewives-of-beverly-hills
746,Shameless,Scripted,English,Drama | Comedy | Family,Ended,2004-01-13,60,8.1,Channel 4,United Kingdom,https://www.tvmaze.com/shows/746/shameless
747,Naked and Afraid,Reality,English,Adventure | Nature,Running,2013-06-23,120,6.5,Discovery,United States,https://www.tvmaze.com/shows/747/naked-and-afraid
748,Oz,Scripted,English,Drama | Crime,Ended,1997-07-12,60,8.7,HBO,United States,https://www.tvmaze.com/shows/748/oz
749,CSI: NY,Scripted,English,Drama | Action | Crime,Ended,2004-09-22,60,7.8,CBS,United States,https://www.tvmaze.com/shows/749/csi-ny
750,The Real Housewives of New York City,Reality,English,,Running,2008-03-04,60,5.5,Bravo,United States,https://www.tvmaze.com/shows/750/the-real-housewives-of-new-york-city
751,The Graham Norton Show,Talk Show,English,Comedy,Running,2007-02-22,50,8.1,BBC One,United Kingdom,https://www.tvmaze.com/shows/751/the-graham-norton-show
752,My Boys,Scripted,English,Drama | Comedy,Ended,2006-11-28,30,6.7,TBS,United States,https://www.tvmaze.com/shows/752/my-boys
753,Comedy Bang! Bang!,Variety,English,Comedy,Ended,2012-06-08,30,,IFC,United States,https://www.tvmaze.com/shows/753/comedy-bang-bang
754,Kill la Kill,Animation,Japanese,Action | Adventure | Anime | Fantasy,Ended,2013-10-04,25,6.9,MBS,Japan,https://www.tvmaze.com/shows/754/kill-la-kill
755,Freaks and Geeks,Scripted,English,Drama | Comedy,Ended,1999-09-25,60,7.9,NBC,United States,https://www.tvmaze.com/shows/755/freaks-and-geeks
756,Not Going Out,Scripted,English,Comedy,Running,2006-10-06,,7.8,BBC iPlayer,United Kingdom,https://www.tvmaze.com/shows/756/not-going-out
757,Batman: The Animated Series,Animation,English,Action | Adventure | Science-Fiction,Ended,1992-09-05,30,8.5,FOX,United States,https://www.tvmaze.com/shows/757/batman-the-animated-series
758,The Secret Life of the American Teenager,Scripted,English,Drama | Comedy | Family,Ended,2008-07-01,60,6.6,Freeform,United States,https://www.tvmaze.com/shows/758/the-secret-life-of-the-american-teenager
759,Good Luck Charlie,Scripted,English,Comedy | Family,Ended,2010-04-04,30,7.7,Disney Channel,United States,https://www.tvmaze.com/shows/759/good-luck-charlie
760,Miami Vice,Scripted,English,Drama | Action | Crime,Ended,1984-09-16,60,7.3,NBC,United States,https://www.tvmaze.com/shows/760/miami-vice
761,Edge of Alaska,Reality,English,,Ended,2014-10-24,60,7.3,Discovery,United States,https://www.tvmaze.com/shows/761/edge-of-alaska
762,The Big C,Scripted,English,Drama | Comedy,Ended,2010-08-16,30,7.4,Paramount+ with Showtime,United States,https://www.tvmaze.com/shows/762/the-big-c
763,The Honourable Woman,Scripted,English,Drama | Thriller | Espionage,Ended,2014-07-03,60,7.9,BBC Two,United Kingdom,https://www.tvmaze.com/shows/763/the-honourable-woman
764,Bored to Death,Scripted,English,Drama | Comedy | Crime,Ended,2009-09-20,30,7.7,HBO,United States,https://www.tvmaze.com/shows/764/bored-to-death
765,Teen Titans,Animation,English,Action | Adventure | Science-Fiction,Ended,2003-07-19,30,7.3,Cartoon Network,United States,https://www.tvmaze.com/shows/765/teen-titans
766,Doctor Who,Scripted,English,Action | Adventure | Science-Fiction,Ended,1963-11-23,25,8.4,BBC One,United Kingdom,https://www.tvmaze.com/shows/766/doctor-who
767,How It's Made,Documentary,English,,Ended,2001-01-06,30,7.7,USA Network,Canada,https://www.tvmaze.com/shows/767/how-its-made
768,Planet Earth,Documentary,English,Nature,Ended,2006-03-05,60,8.8,BBC One,United Kingdom,https://www.tvmaze.com/shows/768/planet-earth
769,Better Off Ted,Scripted,English,Comedy,Ended,2009-03-18,30,8.2,ABC,United States,https://www.tvmaze.com/shows/769/better-off-ted
770,Private Practice,Scripted,English,Drama | Romance | Medical,Ended,2007-09-26,60,7.7,ABC,United States,https://www.tvmaze.com/shows/770/private-practice
771,Royal Pains,Scripted,English,Drama | Comedy | Family,Ended,2009-06-04,60,7.5,USA Network,United States,https://www.tvmaze.com/shows/771/royal-pains
772,Cold Case,Scripted,English,Drama | Crime,Ended,2003-09-28,60,8,CBS,United States,https://www.tvmaze.com/shows/772/cold-case
773,Medium,Scripted,English,Drama | Crime | Supernatural,Ended,2005-01-03,60,7.3,CBS,United States,https://www.tvmaze.com/shows/773/medium
774,The Cleveland Show,Animation,English,Comedy,Ended,2009-09-27,30,7,FOX,United States,https://www.tvmaze.com/shows/774/the-cleveland-show
775,The Closer,Scripted,English,Drama | Crime | Mystery,Ended,2005-06-13,60,7.9,TNT,United States,https://www.tvmaze.com/shows/775/the-closer
776,The O.C.,Scripted,English,Drama | Comedy | Romance,Ended,2003-08-05,60,7.2,FOX,United States,https://www.tvmaze.com/shows/776/the-oc
777,Hannah Montana,Scripted,English,Comedy | Family | Music,Ended,2006-03-24,30,6.6,Disney Channel,United States,https://www.tvmaze.com/shows/777/hannah-montana
778,Army Wives,Scripted,English,Drama | Family | Romance,Ended,2007-06-03,60,8,Lifetime,United States,https://www.tvmaze.com/shows/778/army-wives
779,Brothers & Sisters,Scripted,English,Drama | Family | Romance,Ended,2006-09-24,60,7.7,ABC,United States,https://www.tvmaze.com/shows/779/brothers-sisters
780,Flashpoint,Scripted,English,Action | Adventure | Crime,Ended,2008-07-11,60,7.7,CTV,Canada,https://www.tvmaze.com/shows/780/flashpoint
781,Friday Night Lights,Scripted,English,Drama | Sports,Ended,2006-10-03,60,8.2,NBC,United States,https://www.tvmaze.com/shows/781/friday-night-lights
782,Gunsmoke,Scripted,English,Action | Adventure | Western,Ended,1955-09-10,60,7.8,CBS,United States,https://www.tvmaze.com/shows/782/gunsmoke
785,Body of Proof,Scripted,English,Drama | Crime,Ended,2011-03-29,60,7.7,ABC,United States,https://www.tvmaze.com/shows/785/body-of-proof
786,Law & Order: Criminal Intent,Scripted,English,Drama | Crime | Legal,Ended,2001-09-30,60,7.7,USA Network,United States,https://www.tvmaze.com/shows/786/law-order-criminal-intent
787,The Twilight Zone,Scripted,English,Science-Fiction | Mystery | Supernatural,Ended,1959-10-02,30,8.9,CBS,United States,https://www.tvmaze.com/shows/787/the-twilight-zone
788,GREEK,Scripted,English,Drama | Comedy,Ended,2007-07-09,60,7.8,Freeform,United States,https://www.tvmaze.com/shows/788/greek
789,Merlin,Scripted,English,Adventure | Fantasy | Science-Fiction,Ended,2008-09-20,60,7.9,BBC One,United Kingdom,https://www.tvmaze.com/shows/789/merlin
790,The Unit,Scripted,English,Drama | Action | Crime,Ended,2006-03-07,60,8.3,CBS,United States,https://www.tvmaze.com/shows/790/the-unit
791,Misfits,Scripted,English,Drama | Comedy | Science-Fiction,Ended,2009-11-12,60,7.8,E4,United Kingdom,https://www.tvmaze.com/shows/791/misfits
792,The Tonight Show with Jay Leno,Talk Show,English,Comedy,Ended,1992-05-25,60,,NBC,United States,https://www.tvmaze.com/shows/792/the-tonight-show-with-jay-leno
793,EastEnders,Scripted,English,Drama,Running,1985-02-19,,6.7,BBC iPlayer,United Kingdom,https://www.tvmaze.com/shows/793/eastenders
794,Power Rangers,Scripted,English,Action | Children | Science-Fiction,Ended,1993-08-28,,6.5,Netflix,,https://www.tvmaze.com/shows/794/power-rangers
795,Jericho,Scripted,English,Drama | Action | Science-Fiction,Ended,2006-09-20,60,8,CBS,United States,https://www.tvmaze.com/shows/795/jericho
796,Ugly Betty,Scripted,English,Drama | Comedy,Ended,2006-09-28,60,7.7,ABC,United States,https://www.tvmaze.com/shows/796/ugly-betty
797,Rescue Me,Scripted,English,Drama | Comedy,Ended,2004-07-21,60,8.1,FX,United States,https://www.tvmaze.com/shows/797/rescue-me
798,Deadliest Catch,Reality,English,Action | Adventure | Nature,Running,2005-04-12,60,7.5,Discovery,United States,https://www.tvmaze.com/shows/798/deadliest-catch
799,7th Heaven,Scripted,English,Drama | Family,Ended,1996-08-26,60,7,The CW,United States,https://www.tvmaze.com/shows/799/7th-heaven
800,Kyle XY,Scripted,English,Drama | Science-Fiction | Mystery,Ended,2006-06-26,60,7.9,Freeform,United States,https://www.tvmaze.com/shows/800/kyle-xy
801,Jersey Shore,Reality,English,,Ended,2009-12-03,60,5.7,MTV,United States,https://www.tvmaze.com/shows/801/jersey-shore
802,WWE Monday Night RAW,Sports,English,,Running,1993-01-11,,7.5,Netflix,,https://www.tvmaze.com/shows/802/wwe-monday-night-raw
803,WWE Friday Night SmackDown,Sports,English,Drama | Comedy | Action,Running,1999-04-29,120,4.2,USA Network,United States,https://www.tvmaze.com/shows/803/wwe-friday-night-smackdown
804,Strike Back,Scripted,English,Drama | Action | War,Ended,2010-05-05,60,8.3,Cinemax,United States,https://www.tvmaze.com/shows/804/strike-back
805,Kitchen Nightmares,Reality,English,Food,Running,2007-09-19,60,7.3,FOX,United States,https://www.tvmaze.com/shows/805/kitchen-nightmares
806,The Bold and the Beautiful,Scripted,English,Drama | Family | Romance,Running,1987-03-23,30,5.5,CBS,United States,https://www.tvmaze.com/shows/806/the-bold-and-the-beautiful
807,Wizards of Waverly Place,Scripted,English,Comedy | Family | Fantasy,Ended,2007-10-12,30,7.8,Disney Channel,United States,https://www.tvmaze.com/shows/807/wizards-of-waverly-place
808,iCarly,Scripted,English,Comedy | Children | Family,Ended,2007-09-08,30,6.7,Nickelodeon,United States,https://www.tvmaze.com/shows/808/icarly
809,Being Human,Scripted,English,Drama | Comedy | Science-Fiction,Ended,2009-01-25,60,8.1,BBC Three,United Kingdom,https://www.tvmaze.com/shows/809/being-human
810,In Plain Sight,Scripted,English,Drama | Action | Crime,Ended,2008-06-01,60,7.9,USA Network,United States,https://www.tvmaze.com/shows/810/in-plain-sight
811,Suburgatory,Scripted,English,Comedy,Ended,2011-09-28,30,7.2,ABC,United States,https://www.tvmaze.com/shows/811/suburgatory
812,Days of Our Lives,Scripted,English,Drama | Family | Romance,Running,1965-11-08,,7,Peacock,United States,https://www.tvmaze.com/shows/812/days-of-our-lives
813,Without a Trace,Scripted,English,Drama | Crime | Thriller,Ended,2002-09-26,60,7.7,CBS,United States,https://www.tvmaze.com/shows/813/without-a-trace
814,No Ordinary Family,Scripted,English,Drama | Action | Science-Fiction,Ended,2010-09-28,60,7.8,ABC,United States,https://www.tvmaze.com/shows/814/no-ordinary-family
815,Reaper,Scripted,English,Drama | Comedy | Supernatural,Ended,2007-09-25,60,7.8,The CW,United States,https://www.tvmaze.com/shows/815/reaper
816,So You Think You Can Dance,Reality,English,Music,Ended,2005-07-20,60,6.3,FOX,United States,https://www.tvmaze.com/shows/816/so-you-think-you-can-dance
817,Big Love,Scripted,English,Drama,Ended,2006-03-12,60,7.7,HBO,United States,https://www.tvmaze.com/shows/817/big-love
818,"Beverly Hills, 90210",Scripted,English,Drama | Romance,Ended,1990-10-04,60,6.7,FOX,United States,https://www.tvmaze.com/shows/818/beverly-hills-90210
819,Wife Swap,Reality,English,,Ended,2004-09-26,60,,ABC,United States,https://www.tvmaze.com/shows/819/wife-swap
820,Hung,Scripted,English,Drama | Comedy,Ended,2009-06-28,30,6.9,HBO,United States,https://www.tvmaze.com/shows/820/hung
821,MacGyver,Scripted,English,Action | Adventure,Ended,1985-09-29,60,8.1,ABC,United States,https://www.tvmaze.com/shows/821/macgyver
822,Penn & Teller: Bullshit!,Variety,English,Comedy,Ended,2003-01-24,30,8,Paramount+ with Showtime,United States,https://www.tvmaze.com/shows/822/penn-teller-bullshit
823,The L Word,Scripted,English,Drama | Romance,Ended,2004-01-15,60,7.3,Paramount+ with Showtime,United States,https://www.tvmaze.com/shows/823/the-l-word
824,Ice Road Truckers,Reality,English,Drama | Action,Running,2007-06-17,60,6.9,History,United States,https://www.tvmaze.com/shows/824/ice-road-truckers
825,Knight Rider,Scripted,English,Drama | Action | Crime,Ended,1982-09-26,60,7.6,NBC,United States,https://www.tvmaze.com/shows/825/knight-rider
826,Bewitched,Scripted,English,Comedy | Family | Fantasy,Ended,1964-09-17,30,7.5,ABC,United States,https://www.tvmaze.com/shows/826/bewitched
827,The Cleaner,Scripted,English,Drama | Action,Ended,2008-07-15,60,6.9,A&E,United States,https://www.tvmaze.com/shows/827/the-cleaner
828,Mistresses,Scripted,English,Drama | Romance,Ended,2008-01-08,60,6.2,BBC One,United Kingdom,https://www.tvmaze.com/shows/828/mistresses
829,Hotel Impossible,Reality,English,Travel,Ended,2012-04-09,60,,Travel Channel,United States,https://www.tvmaze.com/shows/829/hotel-impossible
830,Homicide: Life on the Street,Scripted,English,Drama | Crime | Mystery,Ended,1993-01-31,60,7.9,NBC,United States,https://www.tvmaze.com/shows/830/homicide-life-on-the-street
831,Made in Chelsea,Reality,English,,Running,2011-05-09,65,5.1,E4,United Kingdom,https://www.tvmaze.com/shows/831/made-in-chelsea
832,The Rockford Files,Scripted,English,Drama | Action | Crime,Ended,1974-03-27,60,8,NBC,United States,https://www.tvmaze.com/shows/832/the-rockford-files
833,Hustle,Scripted,English,Drama | Crime | Thriller,Ended,2004-02-24,60,8,BBC One,United Kingdom,https://www.tvmaze.com/shows/833/hustle
834,The Secret Circle,Scripted,English,Drama | Horror | Supernatural,Ended,2011-09-15,60,7.6,The CW,United States,https://www.tvmaze.com/shows/834/the-secret-circle
835,Boss,Scripted,English,Drama | Crime,Ended,2011-10-21,60,7.7,STARZ,United States,https://www.tvmaze.com/shows/835/boss
836,Late Night with Conan O'Brien,Talk Show,English,Comedy,Ended,1993-09-13,60,8,NBC,United States,https://www.tvmaze.com/shows/836/late-night-with-conan-obrien
837,Full Throttle Saloon,Reality,English,,Ended,2009-11-10,60,,Destination America,United States,https://www.tvmaze.com/shows/837/full-throttle-saloon
838,Dirty Jobs,Reality,English,,To Be Determined,2003-11-07,60,7.9,Discovery,United States,https://www.tvmaze.com/shows/838/dirty-jobs
839,According to Jim,Scripted,English,Comedy | Family,Ended,2001-10-03,30,6,ABC,United States,https://www.tvmaze.com/shows/839/according-to-jim
840,Treme,Scripted,English,Drama | Music,Ended,2010-04-11,60,7.7,HBO,United States,https://www.tvmaze.com/shows/840/treme
841,"Quincy, M.E.",Scripted,English,Drama | Crime | Medical,Ended,1976-10-03,60,8.1,NBC,United States,https://www.tvmaze.com/shows/841/quincy-me
842,Geordie Shore,Reality,English,Drama | Comedy,Running,2011-05-24,,6.6,Paramount+,,https://www.tvmaze.com/shows/842/geordie-shore
843,In Treatment,Scripted,English,Drama | Medical,Ended,2008-01-28,30,7.1,HBO,United States,https://www.tvmaze.com/shows/843/in-treatment
844,Heroes Unmasked,Documentary,English,Science-Fiction,Ended,2007-07-25,15,,BBC Two,United Kingdom,https://www.tvmaze.com/shows/844/heroes-unmasked
845,Dawson's Creek,Scripted,English,Drama | Romance,Ended,1998-01-20,60,7.4,The WB,United States,https://www.tvmaze.com/shows/845/dawsons-creek
846,The Real Housewives of Orange County,Reality,English,,Running,2006-03-21,60,4.4,Bravo,United States,https://www.tvmaze.com/shows/846/the-real-housewives-of-orange-county
847,The Hard Times of RJ Berger,Scripted,English,Comedy,Ended,2010-06-06,30,,MTV,United States,https://www.tvmaze.com/shows/847/the-hard-times-of-rj-berger
848,ALF,Scripted,English,Comedy | Family | Science-Fiction,Ended,1986-09-22,30,7.5,NBC,United States,https://www.tvmaze.com/shows/848/alf
849,"I'm a Celebrity, Get Me Out of Here!",Reality,English,,Running,2002-08-25,,6.7,ITV1,United Kingdom,https://www.tvmaze.com/shows/849/im-a-celebrity-get-me-out-of-here
850,Life on Mars,Scripted,English,Drama | Crime | Science-Fiction,Ended,2006-01-09,60,8,BBC One,United Kingdom,https://www.tvmaze.com/shows/850/life-on-mars
851,Time Team,Documentary,English,History,Ended,1994-01-16,60,7,Channel 4,United Kingdom,https://www.tvmaze.com/shows/851/time-team
854,Luck,Scripted,English,Drama | Crime | Sports,Ended,2012-01-29,60,7.6,HBO,United States,https://www.tvmaze.com/shows/854/luck
855,"Drugs, Inc.",Documentary,English,,Ended,2010-07-11,60,6.7,National Geographic,United States,https://www.tvmaze.com/shows/855/drugs-inc
856,Sinbad,Scripted,English,Action | Adventure | Fantasy,Ended,2012-07-08,60,7.8,Sky Showcase,United Kingdom,https://www.tvmaze.com/shows/856/sinbad
857,Later... with Jools Holland,Variety,English,Music,Running,1992-10-08,45,8.1,BBC Two,United Kingdom,https://www.tvmaze.com/shows/857/later-with-jools-holland
858,Outcasts,Scripted,English,Drama | Science-Fiction,Ended,2011-02-07,60,7.7,BBC One,United Kingdom,https://www.tvmaze.com/shows/858/outcasts
859,Hardcore Pawn,Reality,English,,Ended,2010-08-16,30,7.9,truTV,United States,https://www.tvmaze.com/shows/859/hardcore-pawn
860,Storage Wars,Reality,English,,Running,2010-12-01,61,5.9,A&E,United States,https://www.tvmaze.com/shows/860/storage-wars
861,Dirty Sexy Money,Scripted,English,Drama,Ended,2007-09-26,60,7.6,ABC,United States,https://www.tvmaze.com/shows/861/dirty-sexy-money
862,Being Erica,Scripted,English,Drama | Comedy | Fantasy,Ended,2009-01-05,60,7.9,CBC,Canada,https://www.tvmaze.com/shows/862/being-erica
863,Dallas,Scripted,English,Drama | Family,Ended,1978-04-02,60,7,CBS,United States,https://www.tvmaze.com/shows/863/dallas
864,The Firm,Scripted,English,Drama | Crime | Legal,Ended,2012-01-08,60,7.1,NBC,United States,https://www.tvmaze.com/shows/864/the-firm
865,Secret Diary of a Call Girl,Scripted,English,Drama | Adult,Ended,2007-09-27,30,7.7,ITV2,United Kingdom,https://www.tvmaze.com/shows/865/secret-diary-of-a-call-girl
866,The Finder,Scripted,English,Drama | Comedy | Crime,Ended,2012-01-12,60,7.7,FOX,United States,https://www.tvmaze.com/shows/866/the-finder
867,Law & Order: LA,Scripted,English,Drama | Crime | Legal,Ended,2010-09-29,60,7.1,NBC,United States,https://www.tvmaze.com/shows/867/law-order-la
868,Regular Show,Animation,English,Comedy | Adventure,Ended,2010-09-06,15,7.6,Cartoon Network,United States,https://www.tvmaze.com/shows/868/regular-show
869,Deadly Women,Documentary,English,Crime,Ended,2005-02-08,60,7.2,Investigation Discovery,United States,https://www.tvmaze.com/shows/869/deadly-women
870,Battlestar Galactica: Blood & Chrome,Scripted,English,Drama | Action | Science-Fiction,Ended,2012-11-09,10,8,Syfy,United States,https://www.tvmaze.com/shows/870/battlestar-galactica-blood-chrome
871,Bunheads,Scripted,English,Drama | Comedy,Ended,2012-06-11,60,7.9,Freeform,United States,https://www.tvmaze.com/shows/871/bunheads
872,How It's Made: Dream Cars,Documentary,English,Nature | History | Sports,Ended,2013-06-13,,6.5,Science,United States,https://www.tvmaze.com/shows/872/how-its-made-dream-cars
873,George Clarke's Amazing Spaces,Reality,English,DIY,Running,2012-10-23,60,7.4,Channel 4,United Kingdom,https://www.tvmaze.com/shows/873/george-clarkes-amazing-spaces
874,Taboo,Documentary,English,,Ended,2002-09-30,60,,National Geographic,United States,https://www.tvmaze.com/shows/874/taboo
875,Question Time,News,English,,Running,1979-09-25,,5,BBC iPlayer,United Kingdom,https://www.tvmaze.com/shows/875/question-time
877,Extreme Weight Loss,Reality,English,,Ended,2011-05-30,120,,ABC,United States,https://www.tvmaze.com/shows/877/extreme-weight-loss
878,Pit Bulls & Parolees,Reality,English,,Ended,2009-10-30,60,7.9,Animal Planet,United States,https://www.tvmaze.com/shows/878/pit-bulls-parolees
879,Rude Tube,Reality,English,Comedy,Ended,2008-11-05,60,,E4,United Kingdom,https://www.tvmaze.com/shows/879/rude-tube
880,Tattoos After Dark,Reality,English,,Ended,2014-01-01,30,,Oxygen True Crime,United States,https://www.tvmaze.com/shows/880/tattoos-after-dark
881,CHiPs,Scripted,English,Drama | Action | Crime,Ended,1977-09-15,60,7.3,NBC,United States,https://www.tvmaze.com/shows/881/chips
882,Agatha Christie's Marple,Scripted,English,Drama | Crime | Mystery,Ended,2004-12-12,120,7.7,ITV1,United Kingdom,https://www.tvmaze.com/shows/882/agatha-christies-marple
883,Posh People: Inside Tatler,Documentary,English,,Ended,2014-11-24,60,,BBC Two,United Kingdom,https://www.tvmaze.com/shows/883/posh-people-inside-tatler
884,8 Out of 10 Cats Does Countdown,Game Show,English,Comedy,Running,2012-01-02,60,7.9,Channel 4,United Kingdom,https://www.tvmaze.com/shows/884/8-out-of-10-cats-does-countdown
885,Rewrapped,Reality,English,,Ended,2014-04-21,30,,Food Network,United States,https://www.tvmaze.com/shows/885/rewrapped
886,The Legend of Mick Dodge,Reality,English,,Ended,2014-01-07,30,,National Geographic,United States,https://www.tvmaze.com/shows/886/the-legend-of-mick-dodge
887,Project Runway: Threads,Reality,English,,Ended,2014-10-23,30,,Lifetime,United States,https://www.tvmaze.com/shows/887/project-runway-threads
888,Top Chef Duels,Reality,English,Food,Ended,2014-08-06,60,,Bravo,United States,https://www.tvmaze.com/shows/888/top-chef-duels
889,Benidorm,Scripted,English,Comedy,Ended,2007-02-01,,7.6,ITV1,United Kingdom,https://www.tvmaze.com/shows/889/benidorm
890,Young Dracula,Scripted,English,Comedy | Children | Horror,Ended,2006-09-21,30,8.2,CBBC,United Kingdom,https://www.tvmaze.com/shows/890/young-dracula
891,Hard Knocks,Documentary,English,Sports,Running,2001-08-01,60,6.3,HBO,United States,https://www.tvmaze.com/shows/891/hard-knocks
892,The Haunted,Reality,English,Horror | Supernatural,Ended,2009-11-22,60,,Animal Planet,United States,https://www.tvmaze.com/shows/892/the-haunted
894,Paw Patrol,Animation,English,Comedy | Action | Adventure,Running,2013-08-27,,6.2,TVO,Canada,https://www.tvmaze.com/shows/894/paw-patrol
895,Rake,Scripted,English,Drama | Comedy | Legal,Ended,2014-01-23,60,7.2,FOX,United States,https://www.tvmaze.com/shows/895/rake
896,Sanjay and Craig,Animation,English,Comedy | Children,Ended,2013-05-25,15,7.2,Nicktoons,United States,https://www.tvmaze.com/shows/896/sanjay-and-craig
897,Reckless,Scripted,English,Drama,Ended,2014-06-29,60,8,CBS,United States,https://www.tvmaze.com/shows/897/reckless
898,Storage Hunters,Reality,English,,Ended,2011-06-21,30,6.3,truTV,United States,https://www.tvmaze.com/shows/898/storage-hunters
899,Great Continental Railway Journeys,Documentary,English,Travel,Running,2012-11-08,,8,BBC iPlayer,United Kingdom,https://www.tvmaze.com/shows/899/great-continental-railway-journeys
900,Batman: The Brave and the Bold,Animation,English,Action | Crime | Science-Fiction,Ended,2008-11-13,30,7.6,Cartoon Network,United States,https://www.tvmaze.com/shows/900/batman-the-brave-and-the-bold
901,Pioneers of Television,Documentary,English,,Ended,2008-01-02,60,,PBS,United States,https://www.tvmaze.com/shows/901/pioneers-of-television
902,Don't Tell the Bride,Reality,English,,To Be Determined,2007-11-08,60,,E4,United Kingdom,https://www.tvmaze.com/shows/902/dont-tell-the-bride
903,Eggheads,Game Show,English,,Ended,2003-11-10,30,,BBC Two,United Kingdom,https://www.tvmaze.com/shows/903/eggheads
904,Antiques Roadshow,Reality,English,History,Running,1979-02-18,60,7.8,BBC One,United Kingdom,https://www.tvmaze.com/shows/904/antiques-roadshow
905,Hercules: The Legendary Journeys,Scripted,English,Action | Adventure | Fantasy,Ended,1994-05-05,60,6.9,Syndication,United States,https://www.tvmaze.com/shows/905/hercules-the-legendary-journeys
906,Girlfriends,Scripted,English,Comedy | Romance,Ended,2000-09-11,30,7.4,The CW,United States,https://www.tvmaze.com/shows/906/girlfriends
907,The Practice,Scripted,English,Drama | Legal,Ended,1997-03-04,60,7.5,ABC,United States,https://www.tvmaze.com/shows/907/the-practice
908,Queer As Folk,Scripted,English,Drama | Romance,Ended,2000-12-03,60,7.8,Paramount+ with Showtime,United States,https://www.tvmaze.com/shows/908/queer-as-folk
909,Perry Mason,Scripted,English,Drama | Crime | Legal,Ended,1957-09-21,60,6.6,CBS,United States,https://www.tvmaze.com/shows/909/perry-mason
910,Beavis and Butt-Head,Animation,English,Comedy | Music,Ended,1992-09-22,15,7.2,MTV,United States,https://www.tvmaze.com/shows/910/beavis-and-butt-head
911,Some Girls,Scripted,English,Comedy,Ended,2012-11-06,30,7.8,BBC Three,United Kingdom,https://www.tvmaze.com/shows/911/some-girls
912,The Boondocks,Animation,English,Comedy,Ended,2005-11-06,30,7.7,Adult Swim,United States,https://www.tvmaze.com/shows/912/the-boondocks
913,Man vs. Wild,Documentary,English,Action | Adventure,Ended,2006-10-27,60,8,Discovery,United States,https://www.tvmaze.com/shows/913/man-vs-wild
914,The Bachelor,Reality,English,Romance,Running,2002-03-25,120,3,ABC,United States,https://www.tvmaze.com/shows/914/the-bachelor
915,The Suite Life of Zack and Cody,Scripted,English,Comedy | Children | Family,Ended,2005-03-18,25,7.5,Disney Channel,United States,https://www.tvmaze.com/shows/915/the-suite-life-of-zack-and-cody
916,Ridiculousness,Reality,English,Comedy,Running,2011-08-29,30,6.2,MTV,United States,https://www.tvmaze.com/shows/916/ridiculousness
917,Ringer,Scripted,English,Drama | Crime | Mystery,Ended,2011-09-13,60,5.9,The CW,United States,https://www.tvmaze.com/shows/917/ringer
918,Pushing Daisies,Scripted,English,Drama | Mystery | Supernatural,Ended,2007-10-03,60,8.2,ABC,United States,https://www.tvmaze.com/shows/918/pushing-daisies
919,Attack on Titan,Animation,Japanese,Action | Anime | Fantasy | Horror,Ended,2013-04-07,25,8.9,NHK,Japan,https://www.tvmaze.com/shows/919/attack-on-titan
920,Waterloo Road,Scripted,English,Drama,Running,2006-03-09,,6.6,BBC iPlayer,United Kingdom,https://www.tvmaze.com/shows/920/waterloo-road
921,Cake Boss,Reality,English,Food | Family,Ended,2009-05-25,30,5,Discovery Family,United States,https://www.tvmaze.com/shows/921/cake-boss
922,The Ultimate Fighter,Reality,English,Sports,Running,2005-01-17,,5.9,Paramount+,,https://www.tvmaze.com/shows/922/the-ultimate-fighter
923,Primeval,Scripted,English,Drama | Adventure | Science-Fiction,Ended,2007-02-10,60,8.1,U&W,United Kingdom,https://www.tvmaze.com/shows/923/primeval
924,Naked and Afraid: Uncensored,Reality,English,Adventure | Nature,Running,2013-06-30,120,4.6,Discovery,United States,https://www.tvmaze.com/shows/924/naked-and-afraid-uncensored
926,Ghost Adventures,Reality,English,Horror | Mystery | Supernatural,Running,2008-10-17,,6.7,discovery+,,https://www.tvmaze.com/shows/926/ghost-adventures
927,Strange Sex,Documentary,English,,Ended,2010-07-18,30,,TLC,United States,https://www.tvmaze.com/shows/927/strange-sex
928,Metalocalypse,Animation,English,Comedy,Ended,2006-08-06,15,7.5,Adult Swim,United States,https://www.tvmaze.com/shows/928/metalocalypse
929,The X Factor,Reality,English,Music,Ended,2011-09-21,120,4.1,FOX,United States,https://www.tvmaze.com/shows/929/the-x-factor
930,The Hills,Reality,English,,Ended,2006-05-31,30,5.4,MTV,United States,https://www.tvmaze.com/shows/930/the-hills
931,American Chopper: Senior vs. Junior,Reality,English,,Ended,2010-08-12,60,5,Discovery,United States,https://www.tvmaze.com/shows/931/american-chopper-senior-vs-junior
932,Modern Marvels,Documentary,English,Mystery | Nature | History,To Be Determined,1993-12-10,60,8,History,United States,https://www.tvmaze.com/shows/932/modern-marvels
933,American Chopper,Reality,English,,Ended,2002-09-29,60,6.4,Discovery,United States,https://www.tvmaze.com/shows/933/american-chopper
934,Swamp People,Reality,English,Adventure | Nature,Running,2010-08-22,90,6.9,History,United States,https://www.tvmaze.com/shows/934/swamp-people
935,Reno 911!,Scripted,English,Comedy | Action | Crime,Ended,2003-07-23,,7.2,Quibi,,https://www.tvmaze.com/shows/935/reno-911
936,LA Ink,Reality,English,,Ended,2007-08-07,60,,TLC,United States,https://www.tvmaze.com/shows/936/la-ink
937,Dark Blue,Scripted,English,Drama | Action | Crime,Ended,2009-07-15,60,7.9,TNT,United States,https://www.tvmaze.com/shows/937/dark-blue
938,Silent Witness,Scripted,English,Drama | Crime,Running,1996-02-21,,7.6,BBC iPlayer,United Kingdom,https://www.tvmaze.com/shows/938/silent-witness
939,Ax Men,Reality,English,Adventure,Ended,2008-03-09,60,6.2,History,United States,https://www.tvmaze.com/shows/939/ax-men
940,The Dead Zone,Scripted,English,Drama | Fantasy | Thriller,Ended,2002-06-16,60,8.1,USA Network,United States,https://www.tvmaze.com/shows/940/the-dead-zone
941,Eli Stone,Scripted,English,Drama | Fantasy | Legal,Ended,2008-01-31,60,7.7,ABC,United States,https://www.tvmaze.com/shows/941/eli-stone
942,Pan Am,Scripted,English,Drama | Thriller,Ended,2011-09-25,60,7.2,ABC,United States,https://www.tvmaze.com/shows/942/pan-am
943,Saving Grace,Scripted,English,Drama | Crime | Fantasy,Ended,2007-07-23,60,7.9,TNT,United States,https://www.tvmaze.com/shows/943/saving-grace
944,Reba,Scripted,English,Drama | Comedy | Family,Ended,2001-10-05,30,7.2,The CW,United States,https://www.tvmaze.com/shows/944/reba
945,Life on Mars,Scripted,English,Drama | Crime | Fantasy,Ended,2008-10-09,60,7.8,ABC,United States,https://www.tvmaze.com/shows/945/life-on-mars
946,Waking the Dead,Scripted,English,Drama | Crime,Ended,2000-09-04,60,7.9,BBC One,United Kingdom,https://www.tvmaze.com/shows/946/waking-the-dead
947,Friends with Benefits,Scripted,English,Comedy | Romance,Ended,2011-08-05,30,6.2,NBC,United States,https://www.tvmaze.com/shows/947/friends-with-benefits
948,Crossing Jordan,Scripted,English,Drama | Crime | Mystery,Ended,2001-09-24,60,7.3,NBC,United States,https://www.tvmaze.com/shows/948/crossing-jordan
949,The Village,Scripted,English,Drama | History,Ended,2013-03-31,60,7.8,BBC One,United Kingdom,https://www.tvmaze.com/shows/949/the-village
950,Family Ties,Scripted,English,Drama | Comedy | Family,Ended,1982-09-22,30,7.3,NBC,United States,https://www.tvmaze.com/shows/950/family-ties
951,Ben 10,Animation,English,Action | Adventure | Science-Fiction,Ended,2005-12-27,30,6.6,Cartoon Network,United States,https://www.tvmaze.com/shows/951/ben-10
952,My Wife and Kids,Scripted,English,Comedy | Family,Ended,2001-03-28,30,7.1,ABC,United States,https://www.tvmaze.com/shows/952/my-wife-and-kids
953,The Inbetweeners,Scripted,English,Comedy,Ended,2008-05-01,30,7.8,E4,United Kingdom,https://www.tvmaze.com/shows/953/the-inbetweeners
954,Chopped,Reality,English,Food,Running,2009-01-13,60,6.2,Food Network,United States,https://www.tvmaze.com/shows/954/chopped
955,American Restoration,Reality,English,History,Ended,2010-10-25,60,6.4,History,United States,https://www.tvmaze.com/shows/955/american-restoration
956,"Magnum, P.I.",Scripted,English,Drama | Action | Mystery,Ended,1980-12-11,60,7.6,CBS,United States,https://www.tvmaze.com/shows/956/magnum-pi
957,The Dresden Files,Scripted,English,Drama | Fantasy | Mystery,Ended,2007-01-21,60,7.9,Syfy,United States,https://www.tvmaze.com/shows/957/the-dresden-files
958,Gangland,Documentary,English,Crime,Ended,2007-11-01,60,,History,United States,https://www.tvmaze.com/shows/958/gangland
959,Operation Repo,Reality,English,Drama,Ended,2008-11-17,30,,truTV,United States,https://www.tvmaze.com/shows/959/operation-repo
960,Melrose Place,Scripted,English,Drama | Romance,Ended,1992-07-08,60,7.3,FOX,United States,https://www.tvmaze.com/shows/960/melrose-place
961,The Lying Game,Scripted,English,Drama | Thriller,Ended,2011-08-15,60,7.6,Freeform,United States,https://www.tvmaze.com/shows/961/the-lying-game
962,Hawaii Five-O,Scripted,English,Action | Adventure | Crime,Ended,1968-09-20,60,7.2,CBS,United States,https://www.tvmaze.com/shows/962/hawaii-five-o
963,'til Death,Scripted,English,Comedy | Romance,Ended,2006-09-07,30,7.4,FOX,United States,https://www.tvmaze.com/shows/963/til-death
964,United States of Tara,Scripted,English,Drama | Comedy,Ended,2009-01-18,30,7.5,Paramount+ with Showtime,United States,https://www.tvmaze.com/shows/964/united-states-of-tara
965,Hawthorne,Scripted,English,Drama,Ended,2009-06-16,60,,TNT,United States,https://www.tvmaze.com/shows/965/hawthorne
966,House of Anubis,Scripted,English,Drama | Fantasy | Mystery,Ended,2011-01-01,30,7.2,Nickelodeon,United States,https://www.tvmaze.com/shows/966/house-of-anubis
967,Deception,Scripted,English,Drama | Crime | Mystery,Ended,2013-01-07,60,7.6,NBC,United States,https://www.tvmaze.com/shows/967/deception
968,Rubicon,Scripted,English,Drama | Thriller | Espionage,Ended,2010-06-13,60,7.9,AMC,United States,https://www.tvmaze.com/shows/968/rubicon
969,19 Kids and Counting,Reality,English,Family,Ended,2008-09-29,30,,TLC,United States,https://www.tvmaze.com/shows/969/19-kids-and-counting
970,The Sarah Jane Adventures,Scripted,English,Action | Adventure | Science-Fiction,Ended,2007-01-01,,7.6,BBC One,United Kingdom,https://www.tvmaze.com/shows/970/the-sarah-jane-adventures
971,Chaos,Scripted,English,Drama | Comedy | Espionage,Ended,2011-04-01,60,7.5,CBS,United States,https://www.tvmaze.com/shows/971/chaos
972,Dirt,Scripted,English,Drama,Ended,2007-01-02,60,7.6,FX,United States,https://www.tvmaze.com/shows/972/dirt
973,"Little People, Big World",Reality,English,,To Be Determined,2006-03-04,60,5,TLC,United States,https://www.tvmaze.com/shows/973/little-people-big-world
974,Snapped,Documentary,English,Crime,Running,2004-08-06,60,6.3,Oxygen True Crime,United States,https://www.tvmaze.com/shows/974/snapped
975,Batman,Scripted,English,Comedy | Action | Adventure,Ended,1966-01-12,30,7.8,ABC,United States,https://www.tvmaze.com/shows/975/batman
976,Sabrina the Teenage Witch,Scripted,English,Comedy | Family | Fantasy,Ended,1996-09-27,30,7.5,The WB,United States,https://www.tvmaze.com/shows/976/sabrina-the-teenage-witch
977,Chase,Scripted,English,Drama | Action | Crime,Ended,2010-09-20,60,7.8,NBC,United States,https://www.tvmaze.com/shows/977/chase
978,Chowder,Animation,English,Comedy | Children,Ended,2007-11-02,15,7.9,Cartoon Network,United States,https://www.tvmaze.com/shows/978/chowder
979,Good Eats,Documentary,English,Food,Ended,1999-07-07,30,8,Food Network,United States,https://www.tvmaze.com/shows/979/good-eats
980,Wipeout,Game Show,English,Comedy,Ended,2008-06-24,60,7.9,ABC,United States,https://www.tvmaze.com/shows/980/wipeout
981,Cleopatra 2525,Scripted,English,Action | Adventure | Science-Fiction,Ended,2000-01-17,30,6.8,Syndication,United States,https://www.tvmaze.com/shows/981/cleopatra-2525
982,Jack of All Trades,Scripted,English,Comedy | Action | Adventure,Ended,2000-01-22,30,7.5,Syndication,United States,https://www.tvmaze.com/shows/982/jack-of-all-trades
983,Hollywood Heights,Scripted,English,Drama | Music | Romance,Ended,2012-06-11,60,,nick@nite,United States,https://www.tvmaze.com/shows/983/hollywood-heights
984,8 Simple Rules,Scripted,English,Comedy | Family,Ended,2002-09-17,30,7.1,ABC,United States,https://www.tvmaze.com/shows/984/8-simple-rules
985,The New Adventures of Old Christine,Scripted,English,Comedy | Family,Ended,2006-03-13,30,7.4,CBS,United States,https://www.tvmaze.com/shows/985/the-new-adventures-of-old-christine
986,The Sarah Silverman Program,Scripted,English,Comedy,Ended,2007-02-01,30,6.4,Comedy Central,United States,https://www.tvmaze.com/shows/986/the-sarah-silverman-program
987,Hellcats,Scripted,English,Drama | Comedy,Ended,2010-09-08,60,7.5,The CW,United States,https://www.tvmaze.com/shows/987/hellcats
988,Drake & Josh,Scripted,English,Comedy | Family,Ended,2004-01-11,30,7.5,Nickelodeon,United States,https://www.tvmaze.com/shows/988/drake-josh
989,Bang Goes the Theory,Documentary,English,,Ended,2009-07-27,30,,BBC One,United Kingdom,https://www.tvmaze.com/shows/989/bang-goes-the-theory
990,Doc Martin,Scripted,English,Drama | Comedy | Medical,Ended,2004-09-02,60,8.1,ITV1,United Kingdom,https://www.tvmaze.com/shows/990/doc-martin
991,The Real World,Reality,English,Drama,Ended,1992-05-21,30,,Facebook Watch,,https://www.tvmaze.com/shows/991/the-real-world
992,Dog the Bounty Hunter,Reality,English,,Ended,2004-08-31,30,4.5,A&E,United States,https://www.tvmaze.com/shows/992/dog-the-bounty-hunter
993,Life Unexpected,Scripted,English,Drama | Family,Ended,2010-01-18,60,7.2,The CW,United States,https://www.tvmaze.com/shows/993/life-unexpected
994,Flight of the Conchords,Scripted,English,Comedy | Music,Ended,2007-06-17,,7.9,HBO,United States,https://www.tvmaze.com/shows/994/flight-of-the-conchords
995,The Dog Whisperer,Reality,English,Family,Ended,2004-09-13,60,4.8,National Geographic Wild,United States,https://www.tvmaze.com/shows/995/the-dog-whisperer
996,Men in Trees,Scripted,English,Drama | Comedy,Ended,2006-09-12,60,7.9,ABC,United States,https://www.tvmaze.com/shows/996/men-in-trees
997,Catfish: The TV Show,Reality,English,,Ended,2012-11-12,60,6,MTV,United States,https://www.tvmaze.com/shows/997/catfish-the-tv-show
998,Detroit 1-8-7,Scripted,English,Drama | Action | Crime,Ended,2010-09-21,60,7.5,ABC,United States,https://www.tvmaze.com/shows/998/detroit-1-8-7
999,Flash Gordon,Scripted,English,Science-Fiction,Ended,2007-08-10,60,6.5,Syfy,United States,https://www.tvmaze.com/shows/999/flash-gordon
1000,Squidbillies,Animation,English,Comedy,Ended,2005-10-16,15,7,Adult Swim,United States,https://www.tvmaze.com/shows/1000/squidbillies
1001,Bag of Bones,Scripted,English,Drama | Horror | Mystery,Ended,2011-12-11,120,7.2,A&E,United States,https://www.tvmaze.com/shows/1001/bag-of-bones
1002,Camelot,Scripted,English,Drama | Fantasy,Ended,2011-02-25,60,6.8,STARZ,United States,https://www.tvmaze.com/shows/1002/camelot
1003,Talking Bad,Talk Show,English,,Ended,2013-08-11,30,,AMC,United States,https://www.tvmaze.com/shows/1003/talking-bad
1005,Happy Town,Scripted,English,Drama | Crime | Mystery,Ended,2010-04-28,60,7.1,ABC,United States,https://www.tvmaze.com/shows/1005/happy-town
1007,Tru Calling,Scripted,English,Drama | Fantasy,Ended,2003-10-30,60,7.9,FOX,United States,https://www.tvmaze.com/shows/1007/tru-calling
1008,Masters of Science Fiction,Scripted,English,Drama | Science-Fiction,Ended,2007-08-04,60,7.1,ABC,United States,https://www.tvmaze.com/shows/1008/masters-of-science-fiction
1009,Do No Harm,Scripted,English,Drama | Horror | Medical,Ended,2013-01-31,60,7.8,NBC,United States,https://www.tvmaze.com/shows/1009/do-no-harm
1010,Zero Hour,Scripted,English,Drama | Thriller | Supernatural,Ended,2013-02-14,60,7.6,ABC,United States,https://www.tvmaze.com/shows/1010/zero-hour
1011,Vanderpump Rules,Reality,English,,Running,2013-01-07,60,5.7,Bravo,United States,https://www.tvmaze.com/shows/1011/vanderpump-rules
1012,Undercovers,Scripted,English,Drama,Ended,2010-09-22,60,6,NBC,United States,https://www.tvmaze.com/shows/1012/undercovers
1013,The Playboy Club,Scripted,English,Drama,Ended,2011-09-19,60,7.7,NBC,United States,https://www.tvmaze.com/shows/1013/the-playboy-club
1014,The Pillars of the Earth,Scripted,English,Drama | Romance | History,Ended,2010-07-23,60,7.6,STARZ,United States,https://www.tvmaze.com/shows/1014/the-pillars-of-the-earth
1015,Newport Harbor: The Real Orange County,Reality,English,,Ended,2004-09-28,30,,MTV,United States,https://www.tvmaze.com/shows/1015/newport-harbor-the-real-orange-county
1016,Fear Itself,Scripted,English,Drama | Horror,Ended,2008-06-05,60,6.1,NBC,United States,https://www.tvmaze.com/shows/1016/fear-itself
1017,Halo 4: Forward Unto Dawn,Scripted,English,Action | Science-Fiction,Ended,2012-10-05,15,7.5,Machinima,United States,https://www.tvmaze.com/shows/1017/halo-4-forward-unto-dawn
1018,Legend of Earthsea,Scripted,English,Drama | Adventure | Fantasy,Ended,2004-12-13,90,5.6,Syfy,United States,https://www.tvmaze.com/shows/1018/legend-of-earthsea
1019,The Inside,Scripted,English,Drama | Crime,Ended,2005-06-08,60,7.1,FOX,United States,https://www.tvmaze.com/shows/1019/the-inside
1020,Criminal Minds: Suspect Behavior,Scripted,English,Drama | Crime | Mystery,Ended,2011-02-16,60,6.6,CBS,United States,https://www.tvmaze.com/shows/1020/criminal-minds-suspect-behavior
1021,Cult,Scripted,English,Drama | Thriller | Mystery,Ended,2013-02-19,60,5.5,The CW,United States,https://www.tvmaze.com/shows/1021/cult
1022,Dr. Horrible's Sing-Along Blog,Scripted,English,Comedy | Music | Science-Fiction,Ended,2008-07-15,,8,Hulu,United States,https://www.tvmaze.com/shows/1022/dr-horribles-sing-along-blog
1023,The Glee Project,Scripted,English,Drama | Family | Music,Ended,2011-06-12,60,,Oxygen True Crime,United States,https://www.tvmaze.com/shows/1023/the-glee-project
1024,Alice,Scripted,English,Adventure | Fantasy,Ended,2009-12-06,120,7.2,Syfy,United States,https://www.tvmaze.com/shows/1024/alice
1025,Lights Out,Scripted,English,Drama | Crime | Sports,Ended,2011-01-11,60,7.2,FX,United States,https://www.tvmaze.com/shows/1025/lights-out
1026,The City,Reality,English,,Ended,2008-12-29,30,,MTV,United States,https://www.tvmaze.com/shows/1026/the-city
1027,Angel o Demonio,Scripted,Spanish,Drama | Fantasy | Mystery,Ended,2011-02-01,70,,Telecinco,Spain,https://www.tvmaze.com/shows/1027/angel-o-demonio
1028,Audrina,Reality,English,,Ended,2011-04-17,30,,VH1,United States,https://www.tvmaze.com/shows/1028/audrina
1029,Punta Escarlata,Scripted,Spanish,,Ended,2011-07-25,90,,Telecinco,Spain,https://www.tvmaze.com/shows/1029/punta-escarlata
1030,Acusados,Scripted,Spanish,Drama,Ended,2009-01-28,75,,Telecinco,Spain,https://www.tvmaze.com/shows/1030/acusados
1031,El Internado,Scripted,Spanish,Drama | Thriller | Mystery,Ended,2007-05-24,80,8,Antena 3,Spain,https://www.tvmaze.com/shows/1031/el-internado
1032,Motivos Personales,Scripted,Spanish,,Ended,2005-02-01,80,,Telecinco,Spain,https://www.tvmaze.com/shows/1032/motivos-personales
1033,Hay alguien ahí,Scripted,Spanish,Thriller | Supernatural,Ended,2009-03-16,75,,Cuatro,Spain,https://www.tvmaze.com/shows/1033/hay-alguien-ahi
1034,Sorority Sisters,Reality,English,,Ended,2014-12-15,60,,VH1,United States,https://www.tvmaze.com/shows/1034/sorority-sisters
1035,Life,Scripted,English,Drama | Crime,Ended,2007-09-26,60,8,NBC,United States,https://www.tvmaze.com/shows/1035/life
1036,Robin Hood,Scripted,English,Drama | Action | Adventure,Ended,2006-10-07,45,7,BBC One,United Kingdom,https://www.tvmaze.com/shows/1036/robin-hood
1037,Sons of Guns,Reality,English,,Ended,2011-01-26,30,,Discovery,United States,https://www.tvmaze.com/shows/1037/sons-of-guns
1038,Zoey 101,Scripted,English,Drama | Comedy | Family,Ended,2005-01-09,30,5.3,Nickelodeon,United States,https://www.tvmaze.com/shows/1038/zoey-101
1039,V,Scripted,English,Drama | Action | Science-Fiction,Ended,1983-05-01,60,7.8,NBC,United States,https://www.tvmaze.com/shows/1039/v
1040,The Young Indiana Jones Chronicles,Scripted,English,Action | Adventure | Fantasy,Ended,1992-03-04,60,7.5,ABC,United States,https://www.tvmaze.com/shows/1040/the-young-indiana-jones-chronicles
1041,World Without End,Scripted,English,Drama | Romance | History,Ended,2012-09-04,60,7.7,Showcase,Canada,https://www.tvmaze.com/shows/1041/world-without-end
1042,Wonderfalls,Scripted,English,Drama | Comedy | Fantasy,Ended,2004-10-04,60,7.9,VisionTV,Canada,https://www.tvmaze.com/shows/1042/wonderfalls
1043,The White Queen,Scripted,English,Drama | History,Ended,2013-06-16,60,7.9,BBC One,United Kingdom,https://www.tvmaze.com/shows/1043/the-white-queen
1044,Whitechapel,Scripted,English,Drama | Crime | Mystery,Ended,2009-02-02,60,7.9,ITV1,United Kingdom,https://www.tvmaze.com/shows/1044/whitechapel
1045,Viper,Scripted,English,Action,Ended,1994-01-02,60,,Syndication,United States,https://www.tvmaze.com/shows/1045/viper
1046,Verano Azul,Scripted,Spanish,Drama | Comedy | Family,Ended,1981-10-11,60,,TVE,Spain,https://www.tvmaze.com/shows/1046/verano-azul
1047,Upstairs Downstairs,Scripted,English,Drama,Ended,2010-12-26,60,7.7,BBC One,United Kingdom,https://www.tvmaze.com/shows/1047/upstairs-downstairs
1048,Ultimate Survival Alaska,Reality,English,,Ended,2013-05-12,60,,National Geographic,United States,https://www.tvmaze.com/shows/1048/ultimate-survival-alaska
1049,Trophy Wife,Scripted,English,Comedy,Ended,2013-09-24,30,6.9,ABC,United States,https://www.tvmaze.com/shows/1049/trophy-wife
1050,Top of the Lake,Scripted,English,Drama | Crime | Mystery,Ended,2013-03-18,60,7.7,BBC iPlayer,United Kingdom,https://www.tvmaze.com/shows/1050/top-of-the-lake
1051,The 10th Kingdom,Scripted,English,Drama | Adventure | Fantasy,Ended,2000-02-27,120,8,NBC,United States,https://www.tvmaze.com/shows/1051/the-10th-kingdom
1052,21 Jump Street,Scripted,English,Drama | Action | Adventure,Ended,1987-04-12,60,6.9,Syndication,United States,https://www.tvmaze.com/shows/1052/21-jump-street
1053,3rd Rock from the Sun,Scripted,English,Comedy | Family | Science-Fiction,Ended,1996-01-09,30,7.9,NBC,United States,https://www.tvmaze.com/shows/1053/3rd-rock-from-the-sun
1054,Absolutely Fabulous,Scripted,English,Comedy,Ended,1992-11-12,30,7.8,BBC One,United Kingdom,https://www.tvmaze.com/shows/1054/absolutely-fabulous
1055,The Adventures of Tintin,Animation,English,Adventure | Children | Mystery,Ended,1992-10-18,30,6.9,Family Channel,Canada,https://www.tvmaze.com/shows/1055/the-adventures-of-tintin
1056,'Allo 'Allo!,Scripted,English,Comedy | War,Ended,1982-12-30,30,8,BBC One,United Kingdom,https://www.tvmaze.com/shows/1056/allo-allo
1057,The Assets,Scripted,English,Thriller,Ended,2014-01-02,60,7.9,ABC,United States,https://www.tvmaze.com/shows/1057/the-assets
1058,The A-Team,Scripted,English,Action | Adventure,Ended,1983-01-23,60,7.4,NBC,United States,https://www.tvmaze.com/shows/1058/the-a-team
1059,Battlestar Galactica,Scripted,English,Action | Adventure | Science-Fiction,Ended,1978-09-17,60,7.9,ABC,United States,https://www.tvmaze.com/shows/1059/battlestar-galactica
1060,Titanic,Scripted,English,Drama,Ended,2012-03-25,60,7,ITV1,United Kingdom,https://www.tvmaze.com/shows/1060/titanic
1061,Terriers,Scripted,English,Drama | Comedy | Crime,Ended,2010-09-08,60,8,FX,United States,https://www.tvmaze.com/shows/1061/terriers
1062,Survivors,Scripted,English,Drama | Science-Fiction,Ended,2008-11-23,60,7.2,BBC One,United Kingdom,https://www.tvmaze.com/shows/1062/survivors
1063,Studio 60 on the Sunset Strip,Scripted,English,Drama | Comedy,Ended,2006-09-18,60,8,NBC,United States,https://www.tvmaze.com/shows/1063/studio-60-on-the-sunset-strip
1064,The State Within,Scripted,English,Drama | Thriller,Ended,2006-11-02,60,,BBC One,United Kingdom,https://www.tvmaze.com/shows/1064/the-state-within
1065,Spaced,Scripted,English,Comedy,Ended,1999-09-24,30,8,Channel 4,United Kingdom,https://www.tvmaze.com/shows/1065/spaced
1066,South Riding,Scripted,English,Drama | Romance,Ended,2011-02-20,60,,BBC One,United Kingdom,https://www.tvmaze.com/shows/1066/south-riding
1067,South of Nowhere,Scripted,English,Drama,Ended,2005-11-04,30,,TeenNick,United States,https://www.tvmaze.com/shows/1067/south-of-nowhere
1068,Six Degrees,Scripted,English,Drama | Mystery,Ended,2006-09-21,60,,ABC,United States,https://www.tvmaze.com/shows/1068/six-degrees
1069,Samantha Who?,Scripted,English,Comedy | Romance,Ended,2007-10-15,30,7.5,ABC,United States,https://www.tvmaze.com/shows/1069/samantha-who
1070,Baywatch,Scripted,English,Drama | Action | Adventure,Ended,1989-09-22,60,6.4,Syndication,United States,https://www.tvmaze.com/shows/1070/baywatch
1071,Birdsong,Scripted,English,Drama | Romance | War,Ended,2012-01-22,90,7.8,BBC One,United Kingdom,https://www.tvmaze.com/shows/1071/birdsong
1072,Blackadder,Scripted,English,Comedy | History,Ended,1983-06-15,30,8.4,BBC One,United Kingdom,https://www.tvmaze.com/shows/1072/blackadder
1073,Bomb Girls,Scripted,English,Drama | Romance | War,Ended,2012-01-04,60,7.7,Global,Canada,https://www.tvmaze.com/shows/1073/bomb-girls
1074,Bonekickers,Scripted,English,Drama | Adventure,Ended,2008-07-08,60,7.2,BBC One,United Kingdom,https://www.tvmaze.com/shows/1074/bonekickers
1075,Brideshead Revisited,Scripted,English,Drama,Ended,1981-10-12,60,8.1,ITV1,United Kingdom,https://www.tvmaze.com/shows/1075/brideshead-revisited
1076,Frank Herbert's Children of Dune,Scripted,English,Drama | Science-Fiction,Ended,2003-03-16,88,7.7,Syfy,United States,https://www.tvmaze.com/shows/1076/frank-herberts-children-of-dune
1078,The Riches,Scripted,English,Drama | Comedy,Ended,2007-03-12,60,7.9,FX,United States,https://www.tvmaze.com/shows/1078/the-riches
1080,Profiler,Scripted,English,Drama | Crime | Thriller,Ended,1996-09-21,60,7.7,NBC,United States,https://www.tvmaze.com/shows/1080/profiler
1081,Primeval: New World,Scripted,English,Drama | Adventure | Fantasy,Ended,2012-10-29,60,7.2,CTV Sci-Fi Channel,Canada,https://www.tvmaze.com/shows/1081/primeval-new-world
1082,Political Animals,Scripted,English,Drama,Ended,2012-07-15,60,7.7,USA Network,United States,https://www.tvmaze.com/shows/1082/political-animals
1083,ReactToThat,Reality,English,,Ended,2014-12-15,30,,Nickelodeon,United States,https://www.tvmaze.com/shows/1083/reacttothat
1084,Commander in Chief,Scripted,English,Drama,Ended,2005-09-27,60,7.7,ABC,United States,https://www.tvmaze.com/shows/1084/commander-in-chief
1085,Coupling,Scripted,English,Comedy | Romance,Ended,2000-05-12,30,8.1,BBC Three,United Kingdom,https://www.tvmaze.com/shows/1085/coupling
1086,Coupling,Scripted,English,Drama | Comedy | Romance,Ended,2003-09-25,30,6,NBC,United States,https://www.tvmaze.com/shows/1086/coupling
1087,Cranford,Scripted,English,Drama,Ended,2007-11-18,60,7.9,BBC One,United Kingdom,https://www.tvmaze.com/shows/1087/cranford
1088,The Crimson Petal and the White,Scripted,English,Drama | Thriller,Ended,2011-04-06,60,6.7,BBC Two,United Kingdom,https://www.tvmaze.com/shows/1088/the-crimson-petal-and-the-white
1089,Crusade,Scripted,English,Drama | Action | Science-Fiction,Ended,1999-06-09,60,7.8,TNT,United States,https://www.tvmaze.com/shows/1089/crusade
1090,Cupid,Scripted,English,Drama | Comedy | Romance,Ended,1998-09-26,60,8,ABC,United States,https://www.tvmaze.com/shows/1090/cupid
1091,Cupid,Scripted,English,Drama | Romance,Ended,2009-03-31,60,7.1,ABC,United States,https://www.tvmaze.com/shows/1091/cupid
1092,Death Comes to Pemberley,Scripted,English,Drama | Romance | Mystery,Ended,2013-12-26,60,7.5,BBC One,United Kingdom,https://www.tvmaze.com/shows/1092/death-comes-to-pemberley
1093,The Devil's Whore,Scripted,English,Drama | War | History,Ended,2008-11-19,60,7.8,Channel 4,United Kingdom,https://www.tvmaze.com/shows/1093/the-devils-whore
1094,Dinotopia,Scripted,English,Adventure | Family | Fantasy,Ended,2002-11-28,60,6.2,ABC,United States,https://www.tvmaze.com/shows/1094/dinotopia
1095,"Doogie Howser, M.D.",Scripted,English,Comedy | Medical,Ended,1989-09-19,30,7.1,ABC,United States,https://www.tvmaze.com/shows/1095/doogie-howser-md
1096,Drive,Scripted,English,Drama | Action | Adventure,Ended,2007-04-13,60,7.7,FOX,United States,https://www.tvmaze.com/shows/1096/drive
1097,"Dr. Quinn, Medicine Woman",Scripted,English,Drama | Family | Western,Ended,1993-01-01,60,7.1,CBS,United States,https://www.tvmaze.com/shows/1097/dr-quinn-medicine-woman
1098,Early Edition,Scripted,English,Drama | Fantasy | Science-Fiction,Ended,1996-09-28,60,7.9,CBS,United States,https://www.tvmaze.com/shows/1098/early-edition
1099,Enlisted,Scripted,English,Comedy,Ended,2014-01-10,30,7.8,FOX,United States,https://www.tvmaze.com/shows/1099/enlisted
1100,The Fades,Scripted,English,Drama | Thriller | Supernatural,Ended,2011-09-21,60,7,BBC Three,United Kingdom,https://www.tvmaze.com/shows/1100/the-fades
1101,Frank Herbert's Dune,Scripted,English,Drama | Science-Fiction,Ended,2000-12-03,100,7.7,Syfy,United States,https://www.tvmaze.com/shows/1101/frank-herberts-dune
1102,Hatfields & McCoys,Scripted,English,Drama | Romance | Western,Ended,2012-05-28,120,7.9,History,United States,https://www.tvmaze.com/shows/1102/hatfields-mccoys
1103,The Hour,Scripted,English,Drama | Thriller | Espionage,Ended,2011-07-19,60,7.4,BBC Two,United Kingdom,https://www.tvmaze.com/shows/1103/the-hour
1104,"I, Claudius",Scripted,English,Drama | History,Ended,1976-09-20,50,8,BBC Two,United Kingdom,https://www.tvmaze.com/shows/1104/i-claudius
1105,In a Land of Plenty,Scripted,English,Drama,Ended,2001-01-10,50,,BBC One,United Kingdom,https://www.tvmaze.com/shows/1105/in-a-land-of-plenty
1107,Jack & Jill,Scripted,English,Drama | Comedy,Ended,1999-09-26,60,,The WB,United States,https://www.tvmaze.com/shows/1107/jack-jill
1108,Jekyll,Scripted,English,Drama | Horror | Science-Fiction,Ended,2007-06-16,60,7,BBC One,United Kingdom,https://www.tvmaze.com/shows/1108/jekyll
1109,Judging Amy,Scripted,English,Drama | Family | Legal,Ended,1999-09-19,60,7.4,CBS,United States,https://www.tvmaze.com/shows/1109/judging-amy
1110,Kings,Scripted,English,Drama | Science-Fiction,Ended,2009-03-15,60,8,NBC,United States,https://www.tvmaze.com/shows/1110/kings
1111,Klondike,Scripted,English,Drama | Adventure | History,Ended,2014-01-20,60,7.1,Discovery,United States,https://www.tvmaze.com/shows/1111/klondike
1112,Um Mundo Catita,Documentary,Portuguese,,Ended,2008-11-05,30,,RTP1,Portugal,https://www.tvmaze.com/shows/1112/um-mundo-catita
1113,K-Ville,Scripted,English,Drama,Ended,2007-09-17,60,7.3,FOX,United States,https://www.tvmaze.com/shows/1113/k-ville
1114,Lip Service,Scripted,English,Drama | Romance,Ended,2010-10-12,60,7.6,BBC Three,United Kingdom,https://www.tvmaze.com/shows/1114/lip-service
1115,Mad About You,Scripted,English,Comedy | Romance,Ended,1992-09-23,,7.4,Spectrum Originals,United States,https://www.tvmaze.com/shows/1115/mad-about-you
1116,The Middleman,Scripted,English,Drama | Comedy | Science-Fiction,Ended,2008-06-16,60,7.8,Freeform,United States,https://www.tvmaze.com/shows/1116/the-middleman
1117,Mildred Pierce,Scripted,English,Drama,Ended,2011-03-27,60,7.8,HBO,United States,https://www.tvmaze.com/shows/1117/mildred-pierce
1118,My Family,Scripted,English,Comedy | Family,Ended,2000-09-19,,7.8,BBC One,United Kingdom,https://www.tvmaze.com/shows/1118/my-family
1119,The Nanny,Scripted,English,Comedy | Family,Ended,1993-11-03,30,7.3,CBS,United States,https://www.tvmaze.com/shows/1119/the-nanny
1121,Cowboy Bebop,Animation,Japanese,Action | Adventure | Anime | Science-Fiction,Ended,1998-10-24,30,8.3,WOWOW,Japan,https://www.tvmaze.com/shows/1121/cowboy-bebop
1122,Amazing Stories,Scripted,English,Fantasy | Science-Fiction,Ended,1985-09-29,30,7.5,NBC,United States,https://www.tvmaze.com/shows/1122/amazing-stories
1123,American Gothic,Scripted,English,Drama | Horror,Ended,1995-09-22,60,7.6,CBS,United States,https://www.tvmaze.com/shows/1123/american-gothic
1124,Becoming Human,Scripted,English,Drama | Horror | Supernatural,Ended,2011-01-30,,7.6,BBC iPlayer,United Kingdom,https://www.tvmaze.com/shows/1124/becoming-human
1125,Brimstone,Scripted,English,Action | Fantasy | Horror,Ended,1998-10-23,60,7.4,FOX,United States,https://www.tvmaze.com/shows/1125/brimstone
1126,Clone,Scripted,English,Comedy,Ended,2008-11-17,30,,BBC Three,United Kingdom,https://www.tvmaze.com/shows/1126/clone
1128,Cosmos,Documentary,English,Mystery | Nature | History,Ended,1980-09-28,60,8.5,National Geographic,United States,https://www.tvmaze.com/shows/1128/cosmos
1129,Dungeons & Dragons,Animation,English,Adventure | Fantasy,Ended,1983-09-17,30,6.4,CBS,United States,https://www.tvmaze.com/shows/1129/dungeons-dragons
1130,Journeyman,Scripted,English,Drama | Science-Fiction | Mystery,Ended,2007-09-24,60,7.6,NBC,United States,https://www.tvmaze.com/shows/1130/journeyman
1131,Neverland,Scripted,English,Adventure | Fantasy,Ended,2011-12-04,120,6.6,Syfy,United States,https://www.tvmaze.com/shows/1131/neverland
1132,Neverwhere,Scripted,English,Drama | Fantasy,Ended,1996-09-12,30,6,BBC Two,United Kingdom,https://www.tvmaze.com/shows/1132/neverwhere
1133,Planet of the Apes,Scripted,English,Drama | Adventure | Science-Fiction,Ended,1974-09-13,60,7.1,CBS,United States,https://www.tvmaze.com/shows/1133/planet-of-the-apes
1134,ThunderCats,Animation,English,Action | Adventure,Ended,2011-07-29,30,7.7,Cartoon Network,United States,https://www.tvmaze.com/shows/1134/thundercats
1135,The Time Tunnel,Scripted,English,Adventure | Science-Fiction,Ended,1966-09-09,60,7.8,ABC,United States,https://www.tvmaze.com/shows/1135/the-time-tunnel
1136,Tron: Uprising,Animation,English,Action | Adventure | Science-Fiction,Ended,2012-05-18,30,7.8,Disney XD,United States,https://www.tvmaze.com/shows/1136/tron-uprising
1137,Party Down,Scripted,English,Comedy,Ended,2009-03-20,,7.2,Lionsgate+,,https://www.tvmaze.com/shows/1137/party-down
1138,The Inbetweeners,Scripted,English,Comedy,Ended,2012-08-20,30,4,MTV,United States,https://www.tvmaze.com/shows/1138/the-inbetweeners
1139,Impractical Jokers,Reality,English,Comedy,Running,2011-12-15,30,7.6,TBS,United States,https://www.tvmaze.com/shows/1139/impractical-jokers
1140,Gates,Scripted,English,Comedy,Ended,2012-08-14,30,,Sky Witness,United Kingdom,https://www.tvmaze.com/shows/1140/gates
1141,Eastbound & Down,Scripted,English,Drama | Comedy | Sports,Ended,2009-02-15,30,7.3,HBO,United States,https://www.tvmaze.com/shows/1141/eastbound-down
1142,Celebrity Motor Homes,Reality,English,,Ended,2011-12-22,30,,Great American Family,United States,https://www.tvmaze.com/shows/1142/celebrity-motor-homes
1143,Extra,News,English,,Running,1994-09-05,30,,Syndication,United States,https://www.tvmaze.com/shows/1143/extra
1144,Mecum Dealmakers,Reality,English,,Ended,2014-07-31,60,,NBCSN,United States,https://www.tvmaze.com/shows/1144/mecum-dealmakers
1145,Beat Bobby Flay,Reality,English,Food,Running,2013-08-25,30,5.8,Food Network,United States,https://www.tvmaze.com/shows/1145/beat-bobby-flay
1146,A Stranger in My Home,Reality,English,Crime | Mystery,Ended,2013-10-13,60,,Investigation Discovery,United States,https://www.tvmaze.com/shows/1146/a-stranger-in-my-home
1147,Kröd Mändoon and the Flaming Sword of Fire,Scripted,English,Comedy | Action | Fantasy,Ended,2009-04-09,30,6.6,Comedy Central,United States,https://www.tvmaze.com/shows/1147/krod-mandoon-and-the-flaming-sword-of-fire
1148,Life As We Know It,Scripted,English,Drama | Comedy,Ended,2004-10-07,60,6.3,ABC,United States,https://www.tvmaze.com/shows/1148/life-as-we-know-it
1149,Seven Ages of Rock,Documentary,English,Music,Ended,2007-05-19,60,,BBC Two,United Kingdom,https://www.tvmaze.com/shows/1149/seven-ages-of-rock
1150,Life As We Know It,Scripted,English,Comedy,Ended,2001-07-22,30,,BBC One,United Kingdom,https://www.tvmaze.com/shows/1150/life-as-we-know-it
1151,The Young Ones,Scripted,English,Comedy,Ended,1982-11-09,35,8,BBC Two,United Kingdom,https://www.tvmaze.com/shows/1151/the-young-ones
1152,The Net,Scripted,English,Thriller,Ended,1998-07-19,60,6.5,USA Network,United States,https://www.tvmaze.com/shows/1152/the-net
1153,New Amsterdam,Scripted,English,Drama | Crime | Fantasy,Ended,2008-03-04,60,7.8,FOX,United States,https://www.tvmaze.com/shows/1153/new-amsterdam
1154,The Nine,Scripted,English,Drama | Mystery,Ended,2006-10-04,60,7.5,ABC,United States,https://www.tvmaze.com/shows/1154/the-nine
1155,No Heroics,Scripted,English,Comedy | Fantasy,Ended,2008-09-18,30,,ITV2,United Kingdom,https://www.tvmaze.com/shows/1155/no-heroics
1156,North & South,Scripted,English,Drama | Romance,Ended,2004-11-14,60,8,BBC One,United Kingdom,https://www.tvmaze.com/shows/1156/north-south
1157,North and South,Scripted,English,Drama | War | History,Ended,1985-11-03,,8.2,ABC,United States,https://www.tvmaze.com/shows/1157/north-and-south
1158,October Road,Scripted,English,Drama,Ended,2007-03-15,60,7.2,ABC,United States,https://www.tvmaze.com/shows/1158/october-road
1159,Once and Again,Scripted,English,Drama | Family | Romance,Ended,1999-09-21,60,7.8,ABC,United States,https://www.tvmaze.com/shows/1159/once-and-again
1160,Out of Practice,Scripted,English,Comedy,Ended,2005-09-19,30,7.5,CBS,United States,https://www.tvmaze.com/shows/1160/out-of-practice
1161,Parade's End,Scripted,English,Drama | War | History,Ended,2012-08-24,60,7.8,BBC Two,United Kingdom,https://www.tvmaze.com/shows/1161/parades-end
1162,The Paradise,Scripted,English,Drama | Romance | History,Ended,2012-09-25,60,7.8,BBC One,United Kingdom,https://www.tvmaze.com/shows/1162/the-paradise
1163,Parker Lewis Can't Lose,Scripted,English,Comedy,Ended,1990-09-02,30,8,FOX,United States,https://www.tvmaze.com/shows/1163/parker-lewis-cant-lose
1164,Party of Five,Scripted,English,Drama | Family,Ended,1994-09-12,60,7.3,FOX,United States,https://www.tvmaze.com/shows/1164/party-of-five
1165,Picket Fences,Scripted,English,Drama | Family,Ended,1992-09-18,60,5.3,CBS,United States,https://www.tvmaze.com/shows/1165/picket-fences
1166,Agatha Christie Poirot,Scripted,English,Drama | Crime | Mystery,Ended,1989-01-08,120,8.2,ITV1,United Kingdom,https://www.tvmaze.com/shows/1166/agatha-christie-poirot
1167,Maison Close,Scripted,French,Drama,Ended,2010-10-04,60,,Canal+,France,https://www.tvmaze.com/shows/1167/maison-close
1168,Les Revenants,Scripted,French,Drama | Fantasy | Horror,Ended,2012-11-26,60,7.6,Canal+,France,https://www.tvmaze.com/shows/1168/les-revenants
1169,Les Rois Maudits,Scripted,French,Drama | History,Ended,2005-11-07,90,,France 2,France,https://www.tvmaze.com/shows/1169/les-rois-maudits
1170,Mysteries at the Castle,Documentary,English,Mystery | History,Ended,2014-01-19,60,,Travel Channel,United States,https://www.tvmaze.com/shows/1170/mysteries-at-the-castle
1171,Branson Famous,Reality,English,Music,Ended,2014-12-29,30,,truTV,United States,https://www.tvmaze.com/shows/1171/branson-famous
1172,Big Women: Big Love,Reality,English,Romance,Ended,2015-01-01,60,,Lifetime,United States,https://www.tvmaze.com/shows/1172/big-women-big-love
1173,Child Genius,Reality,English,,Ended,2015-01-06,60,,Lifetime,United States,https://www.tvmaze.com/shows/1173/child-genius
1174,Open Heart,Scripted,English,Drama | Mystery | Medical,Ended,2015-01-20,60,,TeenNick,United States,https://www.tvmaze.com/shows/1174/open-heart
1175,Nightwatch,Reality,English,Medical,To Be Determined,2015-01-22,60,7.7,A&E,United States,https://www.tvmaze.com/shows/1175/nightwatch
1176,The Slap,Scripted,English,Drama,Ended,2015-02-12,60,7.1,NBC,United States,https://www.tvmaze.com/shows/1176/the-slap
1177,Good Witch,Scripted,English,Family | Romance | Mystery,Ended,2008-01-18,60,8,Hallmark Channel,United States,https://www.tvmaze.com/shows/1177/good-witch
1178,American Odyssey,Scripted,English,Action | Adventure | Thriller,Ended,2015-04-05,60,6.8,NBC,United States,https://www.tvmaze.com/shows/1178/american-odyssey
1179,Wayward Pines,Scripted,English,Drama | Science-Fiction | Mystery,Ended,2015-05-14,60,7.5,FOX,United States,https://www.tvmaze.com/shows/1179/wayward-pines
1180,Museum Men,Documentary,English,,Ended,2014-11-29,60,,Vice TV,United States,https://www.tvmaze.com/shows/1180/museum-men
1181,Sex Sent Me to the ER,Reality,English,,Ended,2013-12-28,60,,TLC,United States,https://www.tvmaze.com/shows/1181/sex-sent-me-to-the-er
1182,I'd Kill for You,Documentary,English,Drama | Crime | Mystery,Ended,2013-11-02,60,,Investigation Discovery,United States,https://www.tvmaze.com/shows/1182/id-kill-for-you
1183,Railroad Alaska,Reality,English,Action | Adventure,Ended,2013-11-16,60,,Destination America,United States,https://www.tvmaze.com/shows/1183/railroad-alaska
1184,America Unearthed,Documentary,English,History,Ended,2012-12-21,60,7.7,Travel Channel,United States,https://www.tvmaze.com/shows/1184/america-unearthed
1185,Fatal Vows,Documentary,English,Drama | Crime | Thriller,Ended,2012-11-17,60,6.2,Investigation Discovery,United States,https://www.tvmaze.com/shows/1185/fatal-vows
1186,Extreme Escapes,Reality,English,,Ended,2014-11-29,60,,REELZ,United States,https://www.tvmaze.com/shows/1186/extreme-escapes
1187,Caught on Camera with Nick Cannon,Reality,English,,Ended,2014-12-19,60,,NBC,United States,https://www.tvmaze.com/shows/1187/caught-on-camera-with-nick-cannon
1189,Say Yes to the Dress: Since the Big Day,Reality,English,,Ended,2011-10-14,60,,TLC,United States,https://www.tvmaze.com/shows/1189/say-yes-to-the-dress-since-the-big-day
1190,Wives with Knives,Documentary,English,,Running,2012-11-23,60,,Investigation Discovery,United States,https://www.tvmaze.com/shows/1190/wives-with-knives
1191,"Something Borrowed, Something New",Reality,English,,Ended,2013-02-08,30,,TLC,United States,https://www.tvmaze.com/shows/1191/something-borrowed-something-new
1192,Brad Meltzer's Lost History,Documentary,English,History,Ended,2014-10-31,60,,Vice TV,United States,https://www.tvmaze.com/shows/1192/brad-meltzers-lost-history
1193,Who the (Bleep) Did I Marry?,Documentary,English,Crime,To Be Determined,2010-08-04,60,6.3,Investigation Discovery,United States,https://www.tvmaze.com/shows/1193/who-the-bleep-did-i-marry
1194,Finding Bigfoot,Reality,English,,Ended,2011-05-30,60,,Animal Planet,United States,https://www.tvmaze.com/shows/1194/finding-bigfoot
1195,Alaska: The Last Frontier,Reality,English,Adventure,Ended,2011-12-29,60,7.9,Discovery,United States,https://www.tvmaze.com/shows/1195/alaska-the-last-frontier
1196,Most Evil,Documentary,English,,Ended,2006-07-13,60,6.8,Investigation Discovery,United States,https://www.tvmaze.com/shows/1196/most-evil
1197,A Haunting,Documentary,English,Drama | Horror | Mystery,Ended,2005-10-28,60,7.9,Travel Channel,United States,https://www.tvmaze.com/shows/1197/a-haunting
1198,Cutthroat Kitchen,Reality,English,Food,Ended,2013-08-11,60,6.8,Food Network,United States,https://www.tvmaze.com/shows/1198/cutthroat-kitchen
1200,Alaska Off-Road Warriors,Reality,English,Adventure | Sports,Ended,2014-11-30,60,,History,United States,https://www.tvmaze.com/shows/1200/alaska-off-road-warriors
1201,Bizarre Foods with Andrew Zimmern,Documentary,English,Food | Travel,Ended,2007-02-26,60,7,Travel Channel,United States,https://www.tvmaze.com/shows/1201/bizarre-foods-with-andrew-zimmern
1202,Street Outlaws: Full Throttle,Reality,English,,Ended,2013-06-21,60,,Discovery,United States,https://www.tvmaze.com/shows/1202/street-outlaws-full-throttle
1203,The Little Couple,Reality,English,,Ended,2009-05-26,60,7.3,TLC,United States,https://www.tvmaze.com/shows/1203/the-little-couple
1204,A Crime to Remember,Documentary,English,Drama | Crime | Mystery,Ended,2013-11-12,60,6.9,Investigation Discovery,United States,https://www.tvmaze.com/shows/1204/a-crime-to-remember
1205,Suave Says,Reality,English,,Ended,2014-12-03,30,,VH1,United States,https://www.tvmaze.com/shows/1205/suave-says
1206,Little Women: LA,Reality,English,Drama,Ended,2014-05-27,60,4.2,Lifetime,United States,https://www.tvmaze.com/shows/1206/little-women-la
1207,The Millionaire Matchmaker,Reality,English,,Ended,2008-01-22,60,,Bravo,United States,https://www.tvmaze.com/shows/1207/the-millionaire-matchmaker
1208,Alaskan Bush People,Reality,English,Adventure | Nature,Ended,2014-05-06,60,6.6,Discovery,United States,https://www.tvmaze.com/shows/1208/alaskan-bush-people
1209,The Curse of Oak Island,Reality,English,Adventure | Mystery | Nature,Running,2014-01-05,60,6.7,History,United States,https://www.tvmaze.com/shows/1209/the-curse-of-oak-island
1210,How to Make It in America,Scripted,English,Drama | Comedy,Ended,2010-02-14,30,7.3,HBO,United States,https://www.tvmaze.com/shows/1210/how-to-make-it-in-america
1211,Mixology,Scripted,English,Comedy | Romance,Ended,2014-02-26,30,7.3,ABC,United States,https://www.tvmaze.com/shows/1211/mixology
1212,Almost Royal,Scripted,English,Comedy,Ended,2014-06-21,30,6.7,BBC America,United States,https://www.tvmaze.com/shows/1212/almost-royal
1213,Cleaners,Scripted,English,Action | Crime | Thriller,Ended,2013-10-03,,6.5,Crackle,United States,https://www.tvmaze.com/shows/1213/cleaners
1214,Come Fly with Me,Scripted,English,Comedy | Travel,Ended,2010-12-25,30,7.9,BBC One,United Kingdom,https://www.tvmaze.com/shows/1214/come-fly-with-me
1215,Hollands Hoop,Scripted,Dutch,Drama | Crime,Ended,2014-09-27,50,,NPO 3,Netherlands,https://www.tvmaze.com/shows/1215/hollands-hoop
1216,Bosch,Scripted,English,Drama | Crime | Mystery,Ended,2015-02-13,,8.5,Prime Video,,https://www.tvmaze.com/shows/1216/bosch
1217,The Defenders,Scripted,English,Drama | Comedy | Legal,Ended,2010-09-22,60,6.6,CBS,United States,https://www.tvmaze.com/shows/1217/the-defenders
1218,Family Tree,Scripted,English,Drama | Comedy,Ended,2013-05-12,30,6.1,HBO,United States,https://www.tvmaze.com/shows/1218/family-tree
1220,Wallander,Scripted,English,Drama | Crime,Ended,2008-11-30,90,7.9,BBC One,United Kingdom,https://www.tvmaze.com/shows/1220/wallander
1221,Super Fun Night,Scripted,English,Comedy,Ended,2013-10-02,30,6.9,ABC,United States,https://www.tvmaze.com/shows/1221/super-fun-night
1222,Sleeper Cell,Scripted,English,Drama | Crime | Espionage,Ended,2005-12-04,60,7.9,Paramount+ with Showtime,United States,https://www.tvmaze.com/shows/1222/sleeper-cell
1224,"Unsere Mütter, unsere Väter",Scripted,German,Drama | Action | War,Ended,2013-03-17,90,8,ZDF,Germany,https://www.tvmaze.com/shows/1224/unsere-mutter-unsere-vater
1225,Red Widow,Scripted,English,Drama | Crime | Thriller,Ended,2013-03-03,60,6.6,ABC,United States,https://www.tvmaze.com/shows/1225/red-widow
1226,Profugos,Scripted,Spanish,Drama | Action | Crime,Ended,2011-09-04,60,,HBO,Chile,https://www.tvmaze.com/shows/1226/profugos
1227,Prime Suspect,Scripted,English,Drama | Crime | Thriller,Ended,2011-09-22,60,6.7,NBC,United States,https://www.tvmaze.com/shows/1227/prime-suspect
1228,Penoza,Scripted,Dutch,Drama | Crime,Ended,2010-09-12,50,8,NPO 3,Netherlands,https://www.tvmaze.com/shows/1228/penoza
1229,Paradox,Scripted,English,Drama | Science-Fiction,Ended,2009-11-24,60,6.9,BBC One,United Kingdom,https://www.tvmaze.com/shows/1229/paradox
1230,Outsourced,Scripted,English,Comedy,Ended,2010-09-23,30,7.9,NBC,United States,https://www.tvmaze.com/shows/1230/outsourced
1231,North America,Documentary,English,Nature,Ended,2013-05-19,60,,Discovery,United States,https://www.tvmaze.com/shows/1231/north-america
1232,Nieuwe Buren,Scripted,Dutch,Drama,Ended,2014-09-14,,,Videoland,Netherlands,https://www.tvmaze.com/shows/1232/nieuwe-buren
1234,The Mob Doctor,Scripted,English,Drama | Medical,Ended,2012-09-17,60,6.6,FOX,United States,https://www.tvmaze.com/shows/1234/the-mob-doctor
1235,Low Winter Sun,Scripted,English,Drama | Crime,Ended,2013-08-11,60,7.3,AMC,United States,https://www.tvmaze.com/shows/1235/low-winter-sun
1236,King & Maxwell,Scripted,English,Drama | Action | Crime,Ended,2013-06-10,60,7.7,TNT,United States,https://www.tvmaze.com/shows/1236/king-maxwell
1237,The Kill Point,Scripted,English,Drama | Action | Crime,Ended,2007-07-22,60,6.6,Paramount Network,United States,https://www.tvmaze.com/shows/1237/the-kill-point
1238,The Kennedys,Scripted,English,Drama | History,Ended,2011-04-03,60,7.7,REELZ,United States,https://www.tvmaze.com/shows/1238/the-kennedys
1239,Gang Related,Scripted,English,Drama | Action | Crime,Ended,2014-05-22,60,6.9,FOX,United States,https://www.tvmaze.com/shows/1239/gang-related
1240,Generation Kill,Scripted,English,Drama | War,Ended,2008-07-13,60,7.9,HBO,United States,https://www.tvmaze.com/shows/1240/generation-kill
1241,Golden Boy,Scripted,English,Drama | Crime,Ended,2013-02-26,60,7.1,CBS,United States,https://www.tvmaze.com/shows/1241/golden-boy
1242,Hit & Miss,Scripted,English,Drama | Action | Crime,Ended,2012-05-22,60,7.9,Sky Atlantic,United Kingdom,https://www.tvmaze.com/shows/1242/hit-miss
1243,Houdini,Scripted,English,Drama,Ended,2014-09-01,120,8.1,History,United States,https://www.tvmaze.com/shows/1243/houdini
1244,How to Live with Your Parents (for the Rest of Your Life),Scripted,English,Comedy,Ended,2013-04-03,30,6.3,ABC,United States,https://www.tvmaze.com/shows/1244/how-to-live-with-your-parents-for-the-rest-of-your-life
1245,Ironside,Scripted,English,Drama | Action | Crime,Ended,2013-10-02,60,7.7,NBC,United States,https://www.tvmaze.com/shows/1245/ironside
1246,The Jeff Dunham Show,Reality,English,Comedy,Ended,2009-10-22,30,6.6,Comedy Central,United States,https://www.tvmaze.com/shows/1246/the-jeff-dunham-show
1247,Gooische Vrouwen,Scripted,Dutch,Drama | Romance,Ended,2005-10-30,60,,RTL4,Netherlands,https://www.tvmaze.com/shows/1247/gooische-vrouwen
1248,Blossom,Scripted,English,Drama | Comedy | Family,Ended,1990-07-05,30,7.5,NBC,United States,https://www.tvmaze.com/shows/1248/blossom
1249,The Brady Bunch,Scripted,English,Comedy | Family,Ended,1969-09-26,30,7.3,ABC,United States,https://www.tvmaze.com/shows/1249/the-brady-bunch
1250,Family Matters,Scripted,English,Comedy | Family,Ended,1989-09-22,30,5.8,CBS,United States,https://www.tvmaze.com/shows/1250/family-matters
1251,Full House,Scripted,English,Comedy | Family,Ended,1987-09-18,30,6.1,ABC,United States,https://www.tvmaze.com/shows/1251/full-house
1252,Saved by the Bell,Scripted,English,Comedy,Ended,1989-08-20,30,5.5,NBC,United States,https://www.tvmaze.com/shows/1252/saved-by-the-bell
1253,Punky Brewster,Scripted,English,Comedy | Family,Ended,1984-09-16,30,6.6,Syndication,United States,https://www.tvmaze.com/shows/1253/punky-brewster
1254,My So-Called Life,Scripted,English,Drama,Ended,1994-08-25,60,7.7,ABC,United States,https://www.tvmaze.com/shows/1254/my-so-called-life
1255,Pippi Longstocking,Animation,English,Comedy | Adventure | Children,Ended,1998-07-04,30,6.5,Cartoon Network,Canada,https://www.tvmaze.com/shows/1255/pippi-longstocking
1256,Kingdom Hospital,Scripted,English,Horror | Thriller | Medical,Ended,2004-03-03,60,7.5,ABC,United States,https://www.tvmaze.com/shows/1256/kingdom-hospital
1257,Psychoville,Scripted,English,Comedy | Thriller | Mystery,Ended,2009-06-18,30,7.9,BBC Two,United Kingdom,https://www.tvmaze.com/shows/1257/psychoville
1258,My Mad Fat Diary,Scripted,English,Drama | Comedy | Romance,Ended,2013-01-14,60,7.8,E4,United Kingdom,https://www.tvmaze.com/shows/1258/my-mad-fat-diary
1259,Star Wars: Clone Wars,Animation,English,Action | Family | Science-Fiction,Ended,2003-11-07,15,8,Cartoon Network,United States,https://www.tvmaze.com/shows/1259/star-wars-clone-wars
1260,Melrose Place,Scripted,English,Drama | Romance,Ended,2009-09-08,60,5.7,The CW,United States,https://www.tvmaze.com/shows/1260/melrose-place
1262,Law & Order: UK,Scripted,English,Drama | Crime | Legal,Ended,2009-02-23,60,7.3,ITV1,United Kingdom,https://www.tvmaze.com/shows/1262/law-order-uk
1263,Ben 10: Ultimate Alien,Animation,English,Action | Adventure | Science-Fiction,Ended,2010-04-23,30,7.6,Cartoon Network,United States,https://www.tvmaze.com/shows/1263/ben-10-ultimate-alien
1264,Ben 10: Omniverse,Animation,English,Action | Adventure | Science-Fiction,Ended,2012-08-01,30,8,Cartoon Network,United States,https://www.tvmaze.com/shows/1264/ben-10-omniverse
1265,Angry Boys,Scripted,English,Comedy,Ended,2011-05-11,30,5.6,ABC,Australia,https://www.tvmaze.com/shows/1265/angry-boys
1266,DreamWorks Dragons,Animation,English,Adventure | Family | Fantasy,Ended,2012-08-07,30,7.9,Cartoon Network,United States,https://www.tvmaze.com/shows/1266/dreamworks-dragons
1267,Emma,Scripted,English,Drama | Comedy | Romance,Ended,2009-10-04,60,8,BBC One,United Kingdom,https://www.tvmaze.com/shows/1267/emma
1268,Endeavour,Scripted,English,Drama | Crime | Mystery,Ended,2012-01-02,120,8.4,ITV1,United Kingdom,https://www.tvmaze.com/shows/1268/endeavour
1269,Enlightened,Scripted,English,Drama | Comedy,Ended,2011-10-10,30,7,HBO,United States,https://www.tvmaze.com/shows/1269/enlightened
1270,Extras,Scripted,English,Comedy,Ended,2005-07-21,,7.9,BBC One,United Kingdom,https://www.tvmaze.com/shows/1270/extras
1271,Forbrydelsen,Scripted,Danish,Drama | Crime | Mystery,Ended,2007-01-07,60,7.9,DR1,Denmark,https://www.tvmaze.com/shows/1271/forbrydelsen
1272,Foyle's War,Scripted,English,Drama | Crime,Ended,2002-10-27,120,8,ITV1,United Kingdom,https://www.tvmaze.com/shows/1272/foyles-war
1273,Important Things with Demetri Martin,Scripted,English,Comedy,Ended,2009-02-11,30,,Comedy Central,United States,https://www.tvmaze.com/shows/1273/important-things-with-demetri-martin
1274,Ja'mie: Private School Girl,Scripted,English,Comedy,Ended,2013-10-23,30,,ABC,Australia,https://www.tvmaze.com/shows/1274/jamie-private-school-girl
1275,John Adams,Scripted,English,Drama | History,Ended,2008-03-16,70,8,HBO,United States,https://www.tvmaze.com/shows/1275/john-adams
1276,John from Cincinnati,Scripted,English,Drama,Ended,2007-06-10,60,,HBO,United States,https://www.tvmaze.com/shows/1276/john-from-cincinnati
1277,Jonah from Tonga,Scripted,English,Comedy,Ended,2014-05-07,30,,ABC,Australia,https://www.tvmaze.com/shows/1277/jonah-from-tonga
1278,Kidnapped,Scripted,English,Crime | Thriller,Ended,2006-09-20,60,7.4,NBC,United States,https://www.tvmaze.com/shows/1278/kidnapped
1280,Life,Documentary,English,Nature,Ended,2009-10-12,60,7.5,BBC One,United Kingdom,https://www.tvmaze.com/shows/1280/life
1281,Off the Map,Scripted,English,Drama | Adventure | Medical,Ended,2011-01-12,60,7.6,ABC,United States,https://www.tvmaze.com/shows/1281/off-the-map
1282,Prime Suspect,Scripted,English,Drama | Crime | Mystery,Ended,1991-04-07,120,8,ITV1,United Kingdom,https://www.tvmaze.com/shows/1282/prime-suspect
1283,Slings & Arrows,Scripted,English,Drama | Comedy | Romance,Ended,2003-11-03,60,8,Crave,Canada,https://www.tvmaze.com/shows/1283/slings-arrows
1284,Sports Night,Scripted,English,Drama | Comedy | Sports,Ended,1998-09-22,30,7.3,ABC,United States,https://www.tvmaze.com/shows/1284/sports-night
1285,Summer Heights High,Scripted,English,Drama | Comedy | Family,Ended,2007-09-05,30,8,ABC,Australia,https://www.tvmaze.com/shows/1285/summer-heights-high
1286,Swingtown,Scripted,English,Drama | Comedy,Ended,2008-06-05,60,,CBS,United States,https://www.tvmaze.com/shows/1286/swingtown
1287,The Black Donnellys,Scripted,English,Drama | Crime,Ended,2007-02-26,60,7.6,NBC,United States,https://www.tvmaze.com/shows/1287/the-black-donnellys
1288,The Deep End,Scripted,English,Drama | Crime | Legal,Ended,2010-01-21,60,,ABC,United States,https://www.tvmaze.com/shows/1288/the-deep-end
1289,The Forsyte Saga,Scripted,English,Drama | History,Ended,2002-04-07,75,,ITV1,United Kingdom,https://www.tvmaze.com/shows/1289/the-forsyte-saga
1290,The Job,Scripted,English,Comedy | Crime,Ended,2001-03-14,30,7.8,ABC,United States,https://www.tvmaze.com/shows/1290/the-job
1291,The Michael J. Fox Show,Scripted,English,Comedy,Ended,2013-09-26,30,6.9,NBC,United States,https://www.tvmaze.com/shows/1291/the-michael-j-fox-show
1292,The Office,Scripted,English,Comedy,Ended,2001-07-09,,7.8,BBC Two,United Kingdom,https://www.tvmaze.com/shows/1292/the-office
1293,The Street,Scripted,English,Drama,Ended,2006-04-13,60,,BBC One,United Kingdom,https://www.tvmaze.com/shows/1293/the-street
1294,The Wonder Years,Scripted,English,Drama | Comedy | Family,Ended,1988-01-31,30,7.6,ABC,United States,https://www.tvmaze.com/shows/1294/the-wonder-years
1295,Togetherness,Scripted,English,Comedy,Ended,2015-01-11,30,7.5,HBO,United States,https://www.tvmaze.com/shows/1295/togetherness
1296,Wives and Daughters,Scripted,English,,Ended,1999-11-28,75,,BBC One,United Kingdom,https://www.tvmaze.com/shows/1296/wives-and-daughters
1297,Every Witch Way,Scripted,English,Comedy | Children | Fantasy,Ended,2014-01-01,30,8,Nickelodeon,United States,https://www.tvmaze.com/shows/1297/every-witch-way
1298,Lab Rats,Scripted,English,Comedy,Ended,2008-07-10,30,,BBC Two,United Kingdom,https://www.tvmaze.com/shows/1298/lab-rats
1299,Nowhere Boys,Scripted,English,Action | Adventure | Science-Fiction,Ended,2013-11-07,30,6.5,ABC Entertains,Australia,https://www.tvmaze.com/shows/1299/nowhere-boys
1300,Wolfblood,Scripted,English,Drama | Action | Supernatural,Ended,2012-09-10,30,7.6,CBBC,United Kingdom,https://www.tvmaze.com/shows/1300/wolfblood
1301,Ben 10: Alien Force,Animation,English,Action | Children,Ended,2008-04-18,30,8,Cartoon Network,United States,https://www.tvmaze.com/shows/1301/ben-10-alien-force
1302,Millennium,Scripted,English,Drama | Crime | Mystery,Ended,1996-10-25,60,7.9,FOX,United States,https://www.tvmaze.com/shows/1302/millennium
1303,The Lone Gunmen,Scripted,English,Drama | Science-Fiction | Thriller,Ended,2001-03-04,60,7.6,FOX,United States,https://www.tvmaze.com/shows/1303/the-lone-gunmen
1304,7 Days,Scripted,English,Action | Adventure | Science-Fiction,Ended,1998-10-07,60,7.7,UPN,United States,https://www.tvmaze.com/shows/1304/7-days
1305,"The Adventures of Brisco County, Jr.",Scripted,English,Adventure | Science-Fiction | Western,Ended,1993-08-27,60,7.9,FOX,United States,https://www.tvmaze.com/shows/1305/the-adventures-of-brisco-county-jr
1306,Adventures of Superman,Scripted,English,Action | Adventure | Crime,Ended,1952-09-19,30,7.2,Syndication,United States,https://www.tvmaze.com/shows/1306/adventures-of-superman
1307,Anyone But Me,Scripted,English,Drama | Romance,Ended,2008-12-07,,,Hulu,United States,https://www.tvmaze.com/shows/1307/anyone-but-me
1308,Bad Girls,Scripted,English,Drama | Crime | Romance,Ended,1999-06-01,60,8,ITV1,United Kingdom,https://www.tvmaze.com/shows/1308/bad-girls
1309,Boomtown,Scripted,English,Action | Adventure | Crime,Ended,2002-09-29,60,,NBC,United States,https://www.tvmaze.com/shows/1309/boomtown
1310,Boston Med,Documentary,English,Drama | Medical,Ended,2010-06-24,60,,ABC,United States,https://www.tvmaze.com/shows/1310/boston-med
1311,Boston's Finest,Reality,English,Drama | Crime,Ended,2013-02-27,60,,TNT,United States,https://www.tvmaze.com/shows/1311/bostons-finest
1312,Cashmere Mafia,Scripted,English,,Ended,2008-01-06,60,,ABC,United States,https://www.tvmaze.com/shows/1312/cashmere-mafia
1313,The Class,Scripted,English,Comedy,Ended,2006-09-18,30,7.4,CBS,United States,https://www.tvmaze.com/shows/1313/the-class
1314,Cold Justice,Reality,English,Crime | Legal,To Be Determined,2013-09-03,60,6.9,Oxygen True Crime,United States,https://www.tvmaze.com/shows/1314/cold-justice
1315,Combat Hospital,Scripted,English,Drama | War | Medical,Ended,2011-06-21,60,7.9,Global,Canada,https://www.tvmaze.com/shows/1315/combat-hospital
1316,Conviction,Scripted,English,Drama | Crime | Legal,Ended,2006-03-03,60,7.5,NBC,United States,https://www.tvmaze.com/shows/1316/conviction
1317,"Emily Owens, M.D.",Scripted,English,Drama | Comedy | Romance,Ended,2012-10-16,60,7.8,The CW,United States,https://www.tvmaze.com/shows/1317/emily-owens-md
1318,Exes & Ohs,Scripted,English,Drama | Comedy | Romance,Ended,2007-10-08,30,,Logo TV,United States,https://www.tvmaze.com/shows/1318/exes-ohs
1319,Heroes of Cosplay,Reality,English,,Ended,2013-08-13,60,,Syfy,United States,https://www.tvmaze.com/shows/1319/heroes-of-cosplay
1320,Hollywood Game Night,Game Show,English,Comedy,Ended,2013-07-11,60,6.8,NBC,United States,https://www.tvmaze.com/shows/1320/hollywood-game-night
1321,Ink Master,Reality,English,,Running,2012-01-17,,6.8,Paramount+,,https://www.tvmaze.com/shows/1321/ink-master
1322,Killer Women,Scripted,English,Drama | Crime | Western,Ended,2014-01-07,60,6.6,ABC,United States,https://www.tvmaze.com/shows/1322/killer-women
1323,Lois & Clark: The New Adventures of Superman,Scripted,English,Action | Adventure | Science-Fiction,Ended,1993-09-12,60,7.4,ABC,United States,https://www.tvmaze.com/shows/1323/lois-clark-the-new-adventures-of-superman
1324,Malibu Country,Scripted,English,Comedy,Ended,2012-11-02,30,7.7,ABC,United States,https://www.tvmaze.com/shows/1324/malibu-country
1325,Mental,Scripted,English,Drama | Medical,Ended,2009-05-26,60,6.6,FOX,United States,https://www.tvmaze.com/shows/1325/mental
1326,The Mole,Reality,English,,Ended,2001-01-09,60,,ABC,United States,https://www.tvmaze.com/shows/1326/the-mole
1327,Naked Vegas,Reality,English,,Ended,2013-10-29,60,,Syfy,United States,https://www.tvmaze.com/shows/1327/naked-vegas
1328,Nostradamus Effect,Documentary,English,History,Ended,2009-09-09,60,,History,United States,https://www.tvmaze.com/shows/1328/nostradamus-effect
1329,Opposite Worlds,Reality,English,,Ended,2014-01-21,60,,Syfy,United States,https://www.tvmaze.com/shows/1329/opposite-worlds
1330,Significant Others,Scripted,English,Drama,Ended,1998-03-11,60,,FOX,United States,https://www.tvmaze.com/shows/1330/significant-others
1331,Standoff,Scripted,English,Drama | Action | Crime,Ended,2006-09-05,60,7.5,FOX,United States,https://www.tvmaze.com/shows/1331/standoff
1332,Tattoo Nightmares,Reality,English,,Ended,2012-10-16,30,,Paramount Network,United States,https://www.tvmaze.com/shows/1332/tattoo-nightmares
1333,Third Watch,Scripted,English,Drama | Crime | Medical,Ended,1999-09-23,60,7.7,NBC,United States,https://www.tvmaze.com/shows/1333/third-watch
1335,Vikings,Documentary,English,Drama | Adventure | Fantasy,Ended,2012-09-11,60,8,BBC Two,United Kingdom,https://www.tvmaze.com/shows/1335/vikings
1336,Whodunnit?,Game Show,English,Drama | Crime | Mystery,Ended,1979-04-12,30,,NBC,United States,https://www.tvmaze.com/shows/1336/whodunnit
1337,Whodunnit?,Reality,English,Crime | Mystery,Ended,2013-06-23,60,7.6,ABC,United States,https://www.tvmaze.com/shows/1337/whodunnit
1338,The Whole Truth,Scripted,English,Drama | Legal,Ended,2010-09-22,60,,ABC,United States,https://www.tvmaze.com/shows/1338/the-whole-truth
1339,Wire in the Blood,Scripted,English,Drama,Ended,2002-11-14,60,8,ITV1,United Kingdom,https://www.tvmaze.com/shows/1339/wire-in-the-blood
1340,Women's Murder Club,Scripted,English,Drama | Crime | Mystery,Ended,2007-10-12,60,6.8,ABC,United States,https://www.tvmaze.com/shows/1340/womens-murder-club
1341,Wonder Woman,Scripted,English,Action | Adventure | Fantasy,Ended,1975-11-07,60,6.5,CBS,United States,https://www.tvmaze.com/shows/1341/wonder-woman
1342,Street Outlaws,Reality,English,,Ended,2013-06-10,60,7.1,Discovery,United States,https://www.tvmaze.com/shows/1342/street-outlaws
1343,Ice Cold Killers,Documentary,English,Drama | Crime | Thriller,Ended,2012-01-25,60,,Investigation Discovery,United States,https://www.tvmaze.com/shows/1343/ice-cold-killers
1344,60 Minutes Sports,News,English,,Ended,2013-01-09,60,,Paramount+ with Showtime,United States,https://www.tvmaze.com/shows/1344/60-minutes-sports
1345,7 Little Johnstons,Reality,English,Drama | Comedy | Family,Running,2015-03-31,60,5.6,TLC,United States,https://www.tvmaze.com/shows/1345/7-little-johnstons
1346,Obsession: Dark Desires,Documentary,English,,Ended,2014-01-14,60,,Investigation Discovery,United States,https://www.tvmaze.com/shows/1346/obsession-dark-desires
1347,Wild Transport,Reality,English,Nature,Ended,2015-01-06,30,,A&E,United States,https://www.tvmaze.com/shows/1347/wild-transport
1348,Framework,Reality,English,,Ended,2015-01-06,60,,Paramount Network,United States,https://www.tvmaze.com/shows/1348/framework
1349,TNA iMPACT!,Sports,English,,Running,2004-06-04,120,4.6,AMC,United States,https://www.tvmaze.com/shows/1349/tna-impact
1350,Mob Wives,Reality,English,,Ended,2011-04-17,60,,VH1,United States,https://www.tvmaze.com/shows/1350/mob-wives
1351,My 600-Lb. Life,Reality,English,Medical,Running,2012-02-01,120,5.2,TLC,United States,https://www.tvmaze.com/shows/1351/my-600-lb-life
1352,Evil Twins,Documentary,English,Crime | Mystery,Ended,2012-07-26,60,,Investigation Discovery,United States,https://www.tvmaze.com/shows/1352/evil-twins
1353,Wild Grinders,Animation,English,Comedy | Sports,Ended,2012-04-27,30,5.8,Nicktoons,United States,https://www.tvmaze.com/shows/1353/wild-grinders
1354,UFO Conspiracies,Documentary,English,,Ended,2014-11-19,60,,Science,United States,https://www.tvmaze.com/shows/1354/ufo-conspiracies
1355,Empire,Scripted,English,Drama | Music,Ended,2015-01-07,60,6.7,FOX,United States,https://www.tvmaze.com/shows/1355/empire
1356,Wahlburgers,Reality,English,,Ended,2014-01-22,60,6.3,A&E,United States,https://www.tvmaze.com/shows/1356/wahlburgers
1358,Valentine,Scripted,English,Comedy | Fantasy | Romance,Ended,2008-10-05,60,6.8,The CW,United States,https://www.tvmaze.com/shows/1358/valentine
1362,Lab Rats,Scripted,English,Comedy | Action | Science-Fiction,Ended,2012-02-27,30,7.3,Disney XD,United States,https://www.tvmaze.com/shows/1362/lab-rats
1363,Humans,Scripted,English,Drama | Science-Fiction | Thriller,Ended,2015-06-14,60,8.2,Channel 4,United Kingdom,https://www.tvmaze.com/shows/1363/humans
1364,Powers,Scripted,English,Drama | Action | Science-Fiction,Ended,2015-03-10,60,7.1,PlayStation Network,United States,https://www.tvmaze.com/shows/1364/powers
1365,Man Seeking Woman,Scripted,English,Comedy | Fantasy | Romance,Ended,2015-01-14,30,6.7,FXX,United States,https://www.tvmaze.com/shows/1365/man-seeking-woman
1366,Fortitude,Scripted,English,Science-Fiction | Thriller | Mystery,Ended,2015-01-29,,7.6,Now,,https://www.tvmaze.com/shows/1366/fortitude
1367,Sense8,Scripted,English,Drama | Science-Fiction | Thriller,Ended,2015-06-05,,8.1,Netflix,,https://www.tvmaze.com/shows/1367/sense8
1368,Unbreakable Kimmy Schmidt,Scripted,English,Comedy,Ended,2015-03-06,,7.5,Netflix,,https://www.tvmaze.com/shows/1368/unbreakable-kimmy-schmidt
1369,Marvel's Daredevil,Scripted,English,Drama | Action | Crime,Ended,2015-04-10,,8.4,Netflix,,https://www.tvmaze.com/shows/1369/marvels-daredevil
1370,Marvel's Jessica Jones,Scripted,English,Action | Crime | Science-Fiction,Ended,2015-11-20,,7.9,Netflix,,https://www.tvmaze.com/shows/1370/marvels-jessica-jones
1371,Westworld,Scripted,English,Drama | Science-Fiction | Western,Ended,2016-10-02,60,8.2,HBO,United States,https://www.tvmaze.com/shows/1371/westworld
1372,Bloodline,Scripted,English,Drama | Thriller | Mystery,Ended,2015-03-20,,7.8,Netflix,,https://www.tvmaze.com/shows/1372/bloodline
1374,McLeod's Daughters,Scripted,English,Drama | Family | Romance,Ended,2001-08-08,60,7.8,Nine Network,Australia,https://www.tvmaze.com/shows/1374/mcleods-daughters
1375,Touched by an Angel,Scripted,English,Drama | Family | Supernatural,Ended,1994-09-21,60,7.5,CBS,United States,https://www.tvmaze.com/shows/1375/touched-by-an-angel
1376,Flikken,Scripted,Dutch,Drama | Action | Crime,Ended,1999-10-17,50,,VRT 1,Belgium,https://www.tvmaze.com/shows/1376/flikken
1377,The Spoils of Babylon,Scripted,English,Comedy,Ended,2014-01-09,30,7.6,IFC,United States,https://www.tvmaze.com/shows/1377/the-spoils-of-babylon
1379,Siberia,Scripted,English,Drama | Science-Fiction | Thriller,Ended,2013-07-01,60,6.1,NBC,United States,https://www.tvmaze.com/shows/1379/siberia
1380,Outlaw,Scripted,English,,Ended,2010-09-15,60,6.8,NBC,United States,https://www.tvmaze.com/shows/1380/outlaw
1381,The First 48,Documentary,English,Crime,Running,2004-06-03,60,7.6,A&E,United States,https://www.tvmaze.com/shows/1381/the-first-48
1382,Dracula,Scripted,English,Drama | Horror,Ended,2013-10-25,60,6.8,NBC,United States,https://www.tvmaze.com/shows/1382/dracula
1383,Garfunkel and Oates,Scripted,English,Comedy | Music,Ended,2014-08-07,30,7.5,IFC,United States,https://www.tvmaze.com/shows/1383/garfunkel-and-oates
1384,Kate Plus 8,Reality,English,Family,Ended,2010-08-30,60,,TLC,United States,https://www.tvmaze.com/shows/1384/kate-plus-8
1385,Kendra on Top,Reality,English,,Ended,2012-06-05,30,4.8,WE tv,United States,https://www.tvmaze.com/shows/1385/kendra-on-top
1386,My Five Wives,Reality,English,,Ended,2014-03-09,60,,TLC,United States,https://www.tvmaze.com/shows/1386/my-five-wives
1387,#RichKids of Beverly Hills,Reality,English,Drama,Ended,2014-01-19,30,5,E!,United States,https://www.tvmaze.com/shows/1387/richkids-of-beverly-hills
1388,Jimmy Kimmel Live,Talk Show,English,Comedy,Running,2003-01-26,60,4.7,ABC,United States,https://www.tvmaze.com/shows/1388/jimmy-kimmel-live
1389,The Nightly Show with Larry Wilmore,Talk Show,English,,Ended,2015-01-19,30,5.7,Comedy Central,United States,https://www.tvmaze.com/shows/1389/the-nightly-show-with-larry-wilmore
1390,Sister Wives,Reality,English,,Running,2010-09-26,60,7.1,TLC,United States,https://www.tvmaze.com/shows/1390/sister-wives
1391,Total Divas,Reality,English,Drama | Sports,Ended,2013-07-28,60,7.1,E!,United States,https://www.tvmaze.com/shows/1391/total-divas
1392,Welcome to Sweden,Scripted,Swedish,Comedy,Ended,2014-03-21,30,7.4,TV4,Sweden,https://www.tvmaze.com/shows/1392/welcome-to-sweden
1393,Breaking Point,Documentary,English,Crime,Ended,2015-01-15,60,,Investigation Discovery,United States,https://www.tvmaze.com/shows/1393/breaking-point
1394,Love Thy Sister,Reality,English,,Ended,2015-01-08,60,,WE tv,United States,https://www.tvmaze.com/shows/1394/love-thy-sister
1395,Alaska: Battle on the Bay,Reality,English,Adventure | Nature,Ended,2015-01-08,60,,Animal Planet,United States,https://www.tvmaze.com/shows/1395/alaska-battle-on-the-bay
1396,King of the Nerds,Reality,English,,Ended,2013-01-17,60,,TBS,United States,https://www.tvmaze.com/shows/1396/king-of-the-nerds
1397,"Love, Lust or Run",Reality,English,,Ended,2015-01-23,30,,TLC,United States,https://www.tvmaze.com/shows/1397/love-lust-or-run
1398,Preachers' Daughters,Reality,English,,Ended,2013-03-12,60,,Lifetime,United States,https://www.tvmaze.com/shows/1398/preachers-daughters
1399,Big Giant Swords,Reality,English,,Ended,2015-01-13,60,,Discovery,United States,https://www.tvmaze.com/shows/1399/big-giant-swords
1401,20/20,News,English,,Running,1978-06-06,120,5.8,ABC,United States,https://www.tvmaze.com/shows/1401/2020
1402,Felicity,Scripted,English,Drama | Romance,Ended,1998-09-29,60,7.2,The WB,United States,https://www.tvmaze.com/shows/1402/felicity
1403,Rosemary's Baby,Scripted,English,Drama | Horror | Thriller,Ended,2014-05-11,120,7.2,NBC,United States,https://www.tvmaze.com/shows/1403/rosemarys-baby
1405,Betas,Scripted,English,Comedy,Ended,2013-04-19,30,6,Prime Video,,https://www.tvmaze.com/shows/1405/betas
1406,Stranded,Reality,English,,Ended,2013-02-27,60,,Syfy,United States,https://www.tvmaze.com/shows/1406/stranded
1407,1600 Penn,Scripted,English,Comedy,Ended,2012-12-17,30,6.4,NBC,United States,https://www.tvmaze.com/shows/1407/1600-penn
1408,That's So Raven,Scripted,English,Comedy | Children | Fantasy,Ended,2003-01-17,30,7,Disney Channel,United States,https://www.tvmaze.com/shows/1408/thats-so-raven
1409,The Yard,Scripted,English,Comedy,Ended,2011-07-08,30,,HBO,Canada,https://www.tvmaze.com/shows/1409/the-yard
1410,The Booth at the End,Scripted,English,Drama | Mystery,Ended,2010-08-27,30,8,Citytv.com,Canada,https://www.tvmaze.com/shows/1410/the-booth-at-the-end
1411,Whites,Scripted,English,Comedy,Ended,2010-09-28,30,7.3,BBC Two,United Kingdom,https://www.tvmaze.com/shows/1411/whites
1412,Last Tango in Halifax,Scripted,English,Drama | Comedy | Romance,Ended,2012-11-20,60,7.7,BBC One,United Kingdom,https://www.tvmaze.com/shows/1412/last-tango-in-halifax
1413,Our World War,Scripted,English,Drama | War | History,Ended,2014-08-07,60,,BBC Three,United Kingdom,https://www.tvmaze.com/shows/1413/our-world-war
1414,Air Crash Investigation,Documentary,English,,Running,2003-09-03,60,7.3,National Geographic,United Kingdom,https://www.tvmaze.com/shows/1414/air-crash-investigation
1415,Heroes Reborn,Scripted,English,Drama | Action | Science-Fiction,Ended,2015-09-24,60,7,NBC,United States,https://www.tvmaze.com/shows/1415/heroes-reborn
1417,Epic Meal Empire,Reality,English,Comedy | Food,Ended,2014-07-26,30,,FYI,United States,https://www.tvmaze.com/shows/1417/epic-meal-empire
1418,Tiny House Nation,Reality,English,DIY,Ended,2014-07-09,60,7.8,A&E,United States,https://www.tvmaze.com/shows/1418/tiny-house-nation
1420,Dual Survival,Reality,English,Drama | Adventure,Ended,2010-06-11,60,7,Discovery,United States,https://www.tvmaze.com/shows/1420/dual-survival
1421,Flying Wild Alaska,Reality,English,Adventure | Family,Ended,2011-01-14,60,,Discovery,United States,https://www.tvmaze.com/shows/1421/flying-wild-alaska
1422,Arctic Air,Scripted,English,Drama | Action | Adventure,Ended,2012-01-10,60,8.1,CBC,Canada,https://www.tvmaze.com/shows/1422/arctic-air
1423,Worst Place to Be a Pilot,Documentary,English,Adventure,Ended,2014-08-19,60,,Channel 4,United Kingdom,https://www.tvmaze.com/shows/1423/worst-place-to-be-a-pilot
1424,Bush Pilots,Documentary,English,Adventure,Ended,2012-07-02,60,,U&Dave,United Kingdom,https://www.tvmaze.com/shows/1424/bush-pilots
1425,Our Zoo,Scripted,English,Drama | Thriller,Ended,2014-09-03,60,8,BBC One,United Kingdom,https://www.tvmaze.com/shows/1425/our-zoo
1426,Iris,Scripted,Dutch,Drama,Ended,1992-09-28,45,,NPO 1,Netherlands,https://www.tvmaze.com/shows/1426/iris
1427,Athena: Goddess of War,Scripted,Korean,Action | Thriller | Espionage,Ended,2010-12-13,60,7.7,SBS,"Korea, Republic of",https://www.tvmaze.com/shows/1427/athena-goddess-of-war
1428,IRIS,Scripted,Korean,Drama | Action | Espionage,Ended,2009-10-14,60,7.2,KBS2,"Korea, Republic of",https://www.tvmaze.com/shows/1428/iris
1429,Noord Zuid,Scripted,Dutch,Drama | Crime,Ended,2015-01-02,50,,NPO 1,Netherlands,https://www.tvmaze.com/shows/1429/noord-zuid
1430,Résistance,Scripted,French,Drama | War | History,Ended,2014-05-19,60,,TF1,France,https://www.tvmaze.com/shows/1430/resistance
1431,Lauren!,Documentary,Dutch,,Ended,2014-12-01,35,,NPO 3,Netherlands,https://www.tvmaze.com/shows/1431/lauren
1432,Wolf Hall,Scripted,English,Drama | History,Ended,2015-01-21,60,7.8,BBC One,United Kingdom,https://www.tvmaze.com/shows/1432/wolf-hall
1433,Herman Wouk's War and Remembrance,Scripted,English,Drama | Romance | War,Ended,1988-11-13,120,7.9,ABC,United States,https://www.tvmaze.com/shows/1433/herman-wouks-war-and-remembrance
1434,Tokyo Airport : Air Traffic Service,Scripted,Japanese,Drama,Ended,2010-10-14,60,,Fuji TV,Japan,https://www.tvmaze.com/shows/1434/tokyo-airport-air-traffic-service
1435,Herman Wouk's The Winds of War,Scripted,English,Drama | Romance | War,Ended,1983-02-06,120,7.4,ABC,United States,https://www.tvmaze.com/shows/1435/herman-wouks-the-winds-of-war
1436,The Game,Scripted,English,Drama,Ended,2014-11-05,60,7.7,BBC America,United States,https://www.tvmaze.com/shows/1436/the-game
1437,Death in Paradise,Scripted,English,Drama | Crime | Mystery,Running,2011-10-25,60,7.9,BBC One,United Kingdom,https://www.tvmaze.com/shows/1437/death-in-paradise
1438,Chasing Shadows,Scripted,English,Drama | Crime | Thriller,Ended,2014-09-04,60,7.3,ITV1,United Kingdom,https://www.tvmaze.com/shows/1438/chasing-shadows
1439,The Field of Blood,Scripted,English,Drama | Crime | Thriller,Ended,2011-08-29,60,7.3,BBC One,United Kingdom,https://www.tvmaze.com/shows/1439/the-field-of-blood
1440,Tokyo Ghoul,Animation,Japanese,Drama | Anime | Horror | Supernatural,Ended,2014-07-03,25,7.4,Tokyo MX,Japan,https://www.tvmaze.com/shows/1440/tokyo-ghoul
1441,Aldnoah.Zero,Animation,Japanese,Action | Adventure | Anime | Science-Fiction,Ended,2014-07-06,25,6.9,BS11,Japan,https://www.tvmaze.com/shows/1441/aldnoahzero
1442,The Returned,Scripted,English,Drama | Fantasy | Horror,Ended,2015-03-09,60,7.3,A&E,United States,https://www.tvmaze.com/shows/1442/the-returned
1443,Review,Scripted,English,Comedy,Ended,2014-03-06,30,8,Comedy Central,United States,https://www.tvmaze.com/shows/1443/review
1444,Tokyo Control,Scripted,Japanese,Drama,Ended,2012-10-14,50,,Fuji TV,Japan,https://www.tvmaze.com/shows/1444/tokyo-control
1445,Worlds Funniest Fails,Variety,English,Comedy | Family,Ended,2015-01-16,60,,FOX,United States,https://www.tvmaze.com/shows/1445/worlds-funniest-fails
1446,Treehouse Masters,Reality,English,DIY,Ended,2013-05-31,60,7.3,Animal Planet,United States,https://www.tvmaze.com/shows/1446/treehouse-masters
1447,Nazi Megastructures,Documentary,English,War | History,Ended,2013-11-18,60,7.1,National Geographic,United Kingdom,https://www.tvmaze.com/shows/1447/nazi-megastructures
1449,Life Below Zero°,Documentary,English,Nature,Running,2013-05-19,60,8,National Geographic,United States,https://www.tvmaze.com/shows/1449/life-below-zero
1450,Hack My Life,Reality,English,,Ended,2015-01-06,30,,truTV,United States,https://www.tvmaze.com/shows/1450/hack-my-life
1451,A Place to Call Home,Scripted,English,Drama | Romance,Ended,2013-04-28,60,7.7,Showcase,Australia,https://www.tvmaze.com/shows/1451/a-place-to-call-home
1452,Hacking the System,Documentary,English,,Running,2015-01-19,30,,National Geographic,United States,https://www.tvmaze.com/shows/1452/hacking-the-system
1453,Big Brother,Reality,English,,Running,2000-07-05,60,5.8,CBS,United States,https://www.tvmaze.com/shows/1453/big-brother
1456,Back to You,Scripted,English,Comedy,Ended,2007-09-19,30,7.6,FOX,United States,https://www.tvmaze.com/shows/1456/back-to-you
1457,Becker,Scripted,English,Comedy,Ended,1998-11-02,30,7.7,CBS,United States,https://www.tvmaze.com/shows/1457/becker
1458,Big Shots,Scripted,English,Drama | Comedy,Ended,2007-09-27,60,,ABC,United States,https://www.tvmaze.com/shows/1458/big-shots
1459,Black Gold,Reality,English,,Ended,2008-06-18,60,,truTV,United States,https://www.tvmaze.com/shows/1459/black-gold
1460,Buck Rogers in the 25th Century,Scripted,English,Action | Adventure | Science-Fiction,Ended,1979-09-20,60,7.7,NBC,United States,https://www.tvmaze.com/shows/1460/buck-rogers-in-the-25th-century
1461,Cavemen,Scripted,English,Comedy,Ended,2007-10-02,30,,ABC,United States,https://www.tvmaze.com/shows/1461/cavemen
1462,Combat!,Scripted,English,Drama | Action | War,Ended,1962-10-02,60,8,ABC,United States,https://www.tvmaze.com/shows/1462/combat
1463,Crash,Scripted,English,Drama,Ended,2008-10-17,60,6.5,STARZ,United States,https://www.tvmaze.com/shows/1463/crash
1464,Criss Angel: Mindfreak,Reality,English,,Ended,2005-07-20,60,,A&E,United States,https://www.tvmaze.com/shows/1464/criss-angel-mindfreak
1465,Crusoe,Scripted,English,Drama | Action | Adventure,Ended,2008-10-17,60,6.6,NBC,United States,https://www.tvmaze.com/shows/1465/crusoe
1466,Dilbert,Animation,English,Comedy,Ended,1999-01-25,30,6.8,UPN,United States,https://www.tvmaze.com/shows/1466/dilbert
1467,The District,Scripted,English,Drama | Crime,Ended,2000-10-07,60,,CBS,United States,https://www.tvmaze.com/shows/1467/the-district
1468,The Drew Carey Show,Scripted,English,Comedy,Ended,1995-09-13,30,7.6,ABC,United States,https://www.tvmaze.com/shows/1468/the-drew-carey-show
1469,Earth: Final Conflict,Scripted,English,Drama | Action | Science-Fiction,Ended,1997-10-06,60,7.1,Syndication,United States,https://www.tvmaze.com/shows/1469/earth-final-conflict
1470,Emergency!,Scripted,English,Drama | Action | Medical,Ended,1972-01-15,60,7.8,NBC,United States,https://www.tvmaze.com/shows/1470/emergency
1471,"Gomer Pyle, U.S.M.C.",Scripted,English,Comedy,Ended,1964-09-25,30,7.7,CBS,United States,https://www.tvmaze.com/shows/1471/gomer-pyle-usmc
1472,Good Times,Scripted,English,Comedy | Family,Ended,1974-02-08,30,7.4,CBS,United States,https://www.tvmaze.com/shows/1472/good-times
1473,Grounded for Life,Scripted,English,Comedy | Family,Ended,2001-01-10,30,7.9,The WB,United States,https://www.tvmaze.com/shows/1473/grounded-for-life
1474,Happy Days,Scripted,English,Comedy,Ended,1974-01-15,30,7.9,ABC,United States,https://www.tvmaze.com/shows/1474/happy-days
1475,Hogan's Heroes,Scripted,English,Comedy | Action | War,Ended,1965-09-17,30,7.8,CBS,United States,https://www.tvmaze.com/shows/1475/hogans-heroes
1476,In Search of.....,Documentary,English,Mystery | History | Supernatural,Ended,1977-04-17,30,8,Syndication,United States,https://www.tvmaze.com/shows/1476/in-search-of
1477,Invasion,Scripted,English,Science-Fiction | Thriller | Supernatural,Ended,2005-09-21,60,7.2,ABC,United States,https://www.tvmaze.com/shows/1477/invasion
1478,Jeremiah,Scripted,English,Drama | Adventure | Science-Fiction,Ended,2002-03-03,60,7.7,Paramount+ with Showtime,United States,https://www.tvmaze.com/shows/1478/jeremiah
1479,The John Larroquette Show,Scripted,English,Comedy,Ended,1993-09-02,30,,NBC,United States,https://www.tvmaze.com/shows/1479/the-john-larroquette-show
1480,Jurassic Fight Club,Documentary,English,,Ended,2008-07-29,60,,History,United States,https://www.tvmaze.com/shows/1480/jurassic-fight-club
1481,L.A. Law,Scripted,English,Drama | Crime | Legal,Ended,1986-09-15,60,7.1,NBC,United States,https://www.tvmaze.com/shows/1481/la-law
1482,Lipstick Jungle,Scripted,English,Drama | Comedy | Romance,Ended,2008-02-07,60,6.6,NBC,United States,https://www.tvmaze.com/shows/1482/lipstick-jungle
1483,Irwin Allen's Lost in Space,Scripted,English,Drama | Adventure | Science-Fiction,Ended,1965-09-15,60,7.7,CBS,United States,https://www.tvmaze.com/shows/1483/irwin-allens-lost-in-space
1484,The Love Boat,Scripted,English,Drama | Comedy | Romance,Ended,1977-09-24,60,7.2,ABC,United States,https://www.tvmaze.com/shows/1484/the-love-boat
1485,Man from Atlantis,Scripted,English,Drama | Adventure | Fantasy,Ended,1977-09-22,60,7.6,NBC,United States,https://www.tvmaze.com/shows/1485/man-from-atlantis
1487,Moonlighting,Scripted,English,Drama | Comedy | Mystery,Ended,1985-03-03,60,8,ABC,United States,https://www.tvmaze.com/shows/1487/moonlighting
1488,Newhart,Scripted,English,Comedy,Ended,1982-10-25,30,7.7,CBS,United States,https://www.tvmaze.com/shows/1488/newhart
1489,Night Court,Scripted,English,Comedy | Legal,Ended,1984-01-04,30,7.8,NBC,United States,https://www.tvmaze.com/shows/1489/night-court
1490,One Day at a Time,Scripted,English,Comedy,Ended,1975-12-16,30,6.5,CBS,United States,https://www.tvmaze.com/shows/1490/one-day-at-a-time
1491,The Partridge Family,Scripted,English,Comedy | Music,Ended,1970-09-25,30,7.3,ABC,United States,https://www.tvmaze.com/shows/1491/the-partridge-family
1492,Pirate Master,Reality,English,,Ended,2007-05-31,60,,CBS,United States,https://www.tvmaze.com/shows/1492/pirate-master
1493,Playmakers,Scripted,English,Drama | Sports,Ended,2003-08-26,60,,ESPN,United States,https://www.tvmaze.com/shows/1493/playmakers
1494,Prototype This!,Documentary,English,,Ended,2008-10-15,60,,Discovery,United States,https://www.tvmaze.com/shows/1494/prototype-this
1495,Punk'd,Reality,English,Comedy,Ended,2003-03-17,30,6.8,MTV,United States,https://www.tvmaze.com/shows/1495/punkd
1496,Remington Steele,Scripted,English,Comedy | Action | Mystery,Ended,1982-10-01,60,7.5,NBC,United States,https://www.tvmaze.com/shows/1496/remington-steele
1497,Riptide,Scripted,English,Drama | Action | Crime,Ended,1984-01-03,60,6.6,NBC,United States,https://www.tvmaze.com/shows/1497/riptide
1498,Shear Genius,Reality,English,,Ended,2007-04-11,60,,Bravo,United States,https://www.tvmaze.com/shows/1498/shear-genius
1499,Simon & Simon,Scripted,English,Drama | Action | Mystery,Ended,1981-11-24,60,7.7,CBS,United States,https://www.tvmaze.com/shows/1499/simon-simon
1500,The Six Million Dollar Man,Scripted,English,Drama | Action | Adventure,Ended,1973-03-07,60,7.3,ABC,United States,https://www.tvmaze.com/shows/1500/the-six-million-dollar-man
1501,Smash Lab,Documentary,English,,Ended,2007-12-26,60,,Discovery,United States,https://www.tvmaze.com/shows/1501/smash-lab
1502,Still Standing,Scripted,English,Comedy,Ended,2002-09-30,30,7.6,CBS,United States,https://www.tvmaze.com/shows/1502/still-standing
1503,That Girl,Scripted,English,Comedy,Ended,1966-09-08,30,7.9,ABC,United States,https://www.tvmaze.com/shows/1503/that-girl
1504,Top Design,Reality,English,,Ended,2007-01-31,60,,Bravo,United States,https://www.tvmaze.com/shows/1504/top-design
1505,One Piece,Animation,Japanese,Action | Adventure | Anime | Fantasy,Running,1999-10-20,25,8.7,Fuji TV,Japan,https://www.tvmaze.com/shows/1505/one-piece
1506,Two Guys and a Girl,Scripted,English,Comedy | Romance,Ended,1998-03-11,30,7.5,ABC,United States,https://www.tvmaze.com/shows/1506/two-guys-and-a-girl
1507,Voyagers!,Scripted,English,Adventure | Family | Science-Fiction,Ended,1982-10-03,60,8,NBC,United States,https://www.tvmaze.com/shows/1507/voyagers
1508,What I Like About You,Scripted,English,Drama | Comedy,Ended,2002-09-20,30,7.4,The WB,United States,https://www.tvmaze.com/shows/1508/what-i-like-about-you
1509,What's Happening Now!,Scripted,English,Comedy,Ended,1985-09-02,30,,Syndication,United States,https://www.tvmaze.com/shows/1509/whats-happening-now
1510,Wings,Scripted,English,Drama | Comedy,Ended,1990-04-19,30,7.3,NBC,United States,https://www.tvmaze.com/shows/1510/wings
1511,"Yes, Dear",Scripted,English,Comedy | Family,Ended,2000-10-02,30,7.1,CBS,United States,https://www.tvmaze.com/shows/1511/yes-dear
1512,Almost Heroes,Scripted,English,Comedy,Ended,2011-06-02,30,,Showcase,Canada,https://www.tvmaze.com/shows/1512/almost-heroes
1514,Big Brother,Reality,English,,Ended,2000-07-18,,6.9,5,United Kingdom,https://www.tvmaze.com/shows/1514/big-brother
1515,Big Brother Canada,Reality,English,,Ended,2013-02-27,60,6.6,Global,Canada,https://www.tvmaze.com/shows/1515/big-brother-canada
1516,Celebrity Big Brother,Reality,English,,Ended,2001-03-10,60,6,5,United Kingdom,https://www.tvmaze.com/shows/1516/celebrity-big-brother
1517,Digimon: Digital Monsters,Animation,English,Action | Adventure | Anime | Fantasy,Ended,1999-03-07,30,7.2,Fuji TV,Japan,https://www.tvmaze.com/shows/1517/digimon-digital-monsters
1518,Drawn Together,Animation,English,Comedy,Ended,2004-10-27,30,6.8,Comedy Central,United States,https://www.tvmaze.com/shows/1518/drawn-together
1519,DTLA,Scripted,English,,Ended,2012-10-24,30,,Logo TV,United States,https://www.tvmaze.com/shows/1519/dtla
1520,Happily Divorced,Scripted,English,Comedy,Ended,2011-06-15,30,6.3,TV Land,United States,https://www.tvmaze.com/shows/1520/happily-divorced
1521,Little Mosque on the Prairie,Scripted,English,,Ended,2007-01-09,30,6,CBC,Canada,https://www.tvmaze.com/shows/1521/little-mosque-on-the-prairie
1522,Mrs. Brown's Boys,Scripted,English,Comedy,To Be Determined,2011-01-01,,7.3,RTÉ ONE,Ireland,https://www.tvmaze.com/shows/1522/mrs-browns-boys
1523,Partners,Scripted,English,Comedy,Ended,2012-09-24,30,6.7,CBS,United States,https://www.tvmaze.com/shows/1523/partners
1524,Queer As Folk,Scripted,English,Drama,Ended,1999-02-23,,7.3,Channel 4,United Kingdom,https://www.tvmaze.com/shows/1524/queer-as-folk
1525,Ronin Warriors,Animation,Japanese,Action | Adventure | Anime | Science-Fiction,Ended,1988-04-30,30,6.9,Nagoya Broadcasting Network,Japan,https://www.tvmaze.com/shows/1525/ronin-warriors
1526,RuPaul's Drag Race,Reality,English,,Running,2009-02-02,90,5.6,MTV,United States,https://www.tvmaze.com/shows/1526/rupauls-drag-race
1527,Sean Saves the World,Scripted,English,Comedy | Family,Ended,2013-10-03,30,6.4,NBC,United States,https://www.tvmaze.com/shows/1527/sean-saves-the-world
1528,Seed,Scripted,English,Comedy,Ended,2013-02-04,30,6.3,Citytv,Canada,https://www.tvmaze.com/shows/1528/seed
1529,Spider-Man Unlimited,Animation,English,Action | Adventure | Science-Fiction,Ended,1999-10-02,30,6.6,FOX,United States,https://www.tvmaze.com/shows/1529/spider-man-unlimited
1530,The Vicar of Dibley,Scripted,English,Comedy,Ended,1994-11-10,30,8,BBC One,United Kingdom,https://www.tvmaze.com/shows/1530/the-vicar-of-dibley
1531,Welcome to the Family,Scripted,English,Comedy,Ended,2013-10-03,30,7.2,NBC,United States,https://www.tvmaze.com/shows/1531/welcome-to-the-family
1532,Fleming: The Man Who Would Be Bond,Scripted,English,Drama | Action | Espionage,Ended,2014-01-29,60,7.8,BBC America,United States,https://www.tvmaze.com/shows/1532/fleming-the-man-who-would-be-bond
1533,Into the West,Scripted,English,Drama | Action | Adventure,Ended,2005-06-10,60,,TNT,United States,https://www.tvmaze.com/shows/1533/into-the-west
1534,Spies of Warsaw,Scripted,English,Drama | Thriller | Espionage,Ended,2013-01-09,90,6.6,BBC Four,United Kingdom,https://www.tvmaze.com/shows/1534/spies-of-warsaw
1535,Restless,Scripted,English,Drama | Action | Adventure,Ended,2012-12-27,90,7.9,BBC One,United Kingdom,https://www.tvmaze.com/shows/1535/restless
1536,Hunter x Hunter,Animation,Japanese,Action | Adventure | Anime | Fantasy,Ended,2011-10-02,25,8.6,NTV,Japan,https://www.tvmaze.com/shows/1536/hunter-x-hunter
1537,Hunter x Hunter,Animation,Japanese,Action | Adventure | Anime | Fantasy,Ended,1999-10-16,30,7.3,Fuji TV,Japan,https://www.tvmaze.com/shows/1537/hunter-x-hunter
1538,Preachers of Detroit,Reality,English,,Ended,2015-02-13,60,,Oxygen True Crime,United States,https://www.tvmaze.com/shows/1538/preachers-of-detroit
1539,"Love, Lust or Run: Wear Are They Now",Reality,English,,Ended,2015-02-13,60,,TLC,United States,https://www.tvmaze.com/shows/1539/love-lust-or-run-wear-are-they-now
1540,Penn Zero: Part-Time Hero,Animation,English,Comedy | Action,Ended,2014-12-05,15,7.8,Disney XD,United States,https://www.tvmaze.com/shows/1540/penn-zero-part-time-hero
1541,Bella and the Bulldogs,Scripted,English,Comedy | Children,Ended,2015-01-17,30,7.2,Nickelodeon,United States,https://www.tvmaze.com/shows/1541/bella-and-the-bulldogs
1542,The Jinx: The Life and Deaths of Robert Durst,Documentary,English,Crime | Mystery | History,Ended,2015-02-08,45,6.8,HBO,United States,https://www.tvmaze.com/shows/1542/the-jinx-the-life-and-deaths-of-robert-durst
1543,Rugged Justice,Reality,English,Nature,Ended,2015-01-18,60,,Animal Planet,United States,https://www.tvmaze.com/shows/1543/rugged-justice
1544,Sports Illustrated: Swimsuit,Reality,English,,Ended,1992-02-09,60,,Audience Network,United States,https://www.tvmaze.com/shows/1544/sports-illustrated-swimsuit
1545,Ghosts in My House,Documentary,English,Supernatural,Ended,2015-02-08,60,,Destination America,United States,https://www.tvmaze.com/shows/1545/ghosts-in-my-house
1546,Christina Milian Turned Up,Reality,English,Music,Ended,2015-01-18,60,,E!,United States,https://www.tvmaze.com/shows/1546/christina-milian-turned-up
1548,Grantchester,Scripted,English,Drama | Crime | Mystery,Ended,2014-10-06,,7.8,PBS Passport,United States,https://www.tvmaze.com/shows/1548/grantchester
1549,Kids Baking Championship,Variety,English,Children | Food,Running,2015-02-02,60,7.9,Food Network,United States,https://www.tvmaze.com/shows/1549/kids-baking-championship
1550,Vanity Fair Confidential,Documentary,English,Drama,Ended,2015-01-19,60,7.2,Investigation Discovery,United States,https://www.tvmaze.com/shows/1550/vanity-fair-confidential
1551,Star vs. the Forces of Evil,Animation,English,Comedy | Adventure | Children,Ended,2015-01-18,15,7.8,Disney XD,United States,https://www.tvmaze.com/shows/1551/star-vs-the-forces-of-evil
1552,Friends to Lovers?,Reality,English,Romance,Ended,2015-01-12,60,,Bravo,United States,https://www.tvmaze.com/shows/1552/friends-to-lovers
1553,"Mud, Sweat and Gears",Reality,English,,Ended,2015-01-26,60,,BBC America,United States,https://www.tvmaze.com/shows/1553/mud-sweat-and-gears
1554,The Manipulation Game,Variety,English,,Ended,2015-01-26,60,,Science,United States,https://www.tvmaze.com/shows/1554/the-manipulation-game
1555,What on Earth?,Documentary,English,Mystery | Nature | History,To Be Determined,2015-02-10,60,7.7,Science,United States,https://www.tvmaze.com/shows/1555/what-on-earth
1556,The Italian Americans,Documentary,English,,Ended,2015-02-17,120,,PBS,United States,https://www.tvmaze.com/shows/1556/the-italian-americans
1558,Barn Hunters,Reality,English,,Ended,2014-11-18,30,,Great American Family,United States,https://www.tvmaze.com/shows/1558/barn-hunters
1559,See No Evil,Documentary,English,Drama | Crime | Mystery,Running,2015-02-17,60,8.1,Investigation Discovery,United States,https://www.tvmaze.com/shows/1559/see-no-evil
1560,Our Little Family,Reality,English,Drama | Family,Ended,2015-02-17,60,,TLC,United States,https://www.tvmaze.com/shows/1560/our-little-family
1561,Match Made in Heaven,Reality,English,,Running,2015-02-04,60,,WE tv,United States,https://www.tvmaze.com/shows/1561/match-made-in-heaven
1562,RV Nation,Reality,English,,Ended,2015-01-21,30,,Great American Family,United States,https://www.tvmaze.com/shows/1562/rv-nation
1563,Would You Rather...? with Graham Norton,Panel Show,English,Comedy,Ended,2011-12-03,60,,BBC America,United States,https://www.tvmaze.com/shows/1563/would-you-rather-with-graham-norton
1564,WWE Slam City,Animation,English,Comedy | Action,Ended,2014-03-17,2,,Nicktoons,United States,https://www.tvmaze.com/shows/1564/wwe-slam-city
1565,Best New Restaurant,Reality,English,Food,Ended,2015-01-21,30,,Bravo,United States,https://www.tvmaze.com/shows/1565/best-new-restaurant
1566,Kart Life,Reality,English,Sports,Ended,2015-01-28,60,,truTV,United States,https://www.tvmaze.com/shows/1566/kart-life
1567,Mississippi Men,Reality,English,,Ended,2015-01-28,60,,History,United States,https://www.tvmaze.com/shows/1567/mississippi-men
1568,Earth: A New Wild,Documentary,English,,Ended,2015-02-04,60,,PBS,United States,https://www.tvmaze.com/shows/1568/earth-a-new-wild
1569,Fire in the Hole,Reality,English,,Ended,2015-01-21,60,,Discovery,United States,https://www.tvmaze.com/shows/1569/fire-in-the-hole
1570,All-American Makers,Reality,English,DIY,Ended,2015-01-21,60,,Science,United States,https://www.tvmaze.com/shows/1570/all-american-makers
1572,A Very Barry Branson,Reality,English,Adventure | Music | Travel,Ended,2015-02-05,30,,Great American Family,United States,https://www.tvmaze.com/shows/1572/a-very-barry-branson
1573,The Mind of a Murderer,Reality,English,Drama | Crime | Thriller,Ended,2015-02-19,60,,Investigation Discovery,United States,https://www.tvmaze.com/shows/1573/the-mind-of-a-murderer
1574,Insane Pools: Off the Deep End,Reality,English,,Ended,2015-02-20,60,6.8,Animal Planet,United States,https://www.tvmaze.com/shows/1574/insane-pools-off-the-deep-end
1575,Coaching Bad,Reality,English,Sports,Ended,2015-02-08,60,,Paramount Network,United States,https://www.tvmaze.com/shows/1575/coaching-bad
1576,It's a Mann's World,Reality,English,,Ended,2015-01-14,30,,BET,United States,https://www.tvmaze.com/shows/1576/its-a-manns-world
1577,Bizarre Foods: Delicious Destinations,Reality,English,Adventure | Food | Travel,To Be Determined,2015-01-26,30,6,Cooking Channel,United States,https://www.tvmaze.com/shows/1577/bizarre-foods-delicious-destinations
1581,Gangland Undercover,Scripted,English,Drama | Crime,Ended,2015-02-24,60,8.1,History,Canada,https://www.tvmaze.com/shows/1581/gangland-undercover
1582,Kosher Soul,Reality,English,,Ended,2015-02-25,30,,Lifetime,United States,https://www.tvmaze.com/shows/1582/kosher-soul
1583,Sex Box,Reality,English,,Ended,2015-02-27,60,,WE tv,United States,https://www.tvmaze.com/shows/1583/sex-box
1584,Sex Sent Me to the Slammer,Reality,English,,Ended,2015-02-06,30,,Investigation Discovery,United States,https://www.tvmaze.com/shows/1584/sex-sent-me-to-the-slammer
1586,All-Star Academy,Game Show,English,Food,Ended,2015-03-01,60,,Food Network,United States,https://www.tvmaze.com/shows/1586/all-star-academy
1587,Billy & Billie,Scripted,English,Drama | Comedy | Romance,Ended,2015-03-03,60,6.3,Audience Network,United States,https://www.tvmaze.com/shows/1587/billy-billie
1588,The Royals,Scripted,English,Drama,Ended,2015-03-15,60,7.9,E!,United States,https://www.tvmaze.com/shows/1588/the-royals
1589,iZombie,Scripted,English,Drama | Crime | Horror,Ended,2015-03-17,60,7.8,The CW,United States,https://www.tvmaze.com/shows/1589/izombie
1590,Neighbors with Benefits,Reality,English,,Ended,2015-03-22,60,,A&E,United States,https://www.tvmaze.com/shows/1590/neighbors-with-benefits
1591,Funny Girls,Reality,English,Comedy,Ended,2015-04-07,60,,Oxygen True Crime,United States,https://www.tvmaze.com/shows/1591/funny-girls
1592,Cedric's Barber Battle,Reality,English,,Ended,2015-04-17,30,,The CW,United States,https://www.tvmaze.com/shows/1592/cedrics-barber-battle
1593,The Messengers,Scripted,English,Drama | Mystery | Supernatural,Ended,2015-04-17,60,6.7,The CW,United States,https://www.tvmaze.com/shows/1593/the-messengers
1594,The Comedians,Scripted,English,Comedy,Ended,2015-04-09,30,6.7,FX,United States,https://www.tvmaze.com/shows/1594/the-comedians
1595,Grace and Frankie,Scripted,English,Comedy,Ended,2015-05-08,,7.7,Netflix,,https://www.tvmaze.com/shows/1595/grace-and-frankie
1596,UFC Fight Night,Sports,English,,Running,2005-08-06,,7.7,ESPN+,United States,https://www.tvmaze.com/shows/1596/ufc-fight-night
1598,A Bit of Fry and Laurie,Scripted,English,Comedy,Ended,1987-12-26,30,7.8,BBC One,United Kingdom,https://www.tvmaze.com/shows/1598/a-bit-of-fry-and-laurie
1599,The Ambassador,Scripted,English,Drama,Ended,1998-01-04,50,,BBC One,United Kingdom,https://www.tvmaze.com/shows/1599/the-ambassador
1600,Have I Got News for You,Panel Show,English,Comedy,Running,1990-09-29,30,7.6,BBC One,United Kingdom,https://www.tvmaze.com/shows/1600/have-i-got-news-for-you
1601,Mind Your Language,Scripted,English,Comedy,Ended,1977-12-30,30,7.2,ITV1,United Kingdom,https://www.tvmaze.com/shows/1601/mind-your-language
1602,Prophets of Science Fiction,Documentary,English,Science-Fiction,Ended,2011-11-09,60,,Science,United States,https://www.tvmaze.com/shows/1602/prophets-of-science-fiction
1603,Samurai Jack,Animation,English,Action | Adventure,Ended,2001-08-10,30,8,Adult Swim,United States,https://www.tvmaze.com/shows/1603/samurai-jack
1604,Survivorman,Documentary,English,,Ended,2005-04-06,60,6.4,Science,United States,https://www.tvmaze.com/shows/1604/survivorman
1605,Through the Wormhole,Documentary,English,Science-Fiction | Mystery | Nature,Ended,2010-06-09,60,7.9,Science,United States,https://www.tvmaze.com/shows/1605/through-the-wormhole
1606,Yes Minister,Scripted,English,Comedy,Ended,1980-02-25,30,8,BBC Two,United Kingdom,https://www.tvmaze.com/shows/1606/yes-minister
1607,Survivors,Scripted,English,,Ended,1975-04-16,50,,BBC One,United Kingdom,https://www.tvmaze.com/shows/1607/survivors
1608,X Company,Scripted,English,Drama | War | Espionage,Ended,2015-02-18,60,7.9,CBC,Canada,https://www.tvmaze.com/shows/1608/x-company
1609,Wicked Tuna,Reality,English,,Ended,2012-04-01,60,7.3,National Geographic,United States,https://www.tvmaze.com/shows/1609/wicked-tuna
1611,Spider-Man,Animation,English,Action | Adventure | Science-Fiction,Ended,1994-11-19,30,8.1,FOX,United States,https://www.tvmaze.com/shows/1611/spider-man
1612,X-Men: Evolution,Animation,English,Action | Adventure | Science-Fiction,Ended,2000-11-04,30,7.5,The WB,United States,https://www.tvmaze.com/shows/1612/x-men-evolution
1613,Underemployed,Scripted,English,Drama | Comedy,Ended,2012-10-16,60,,MTV,United States,https://www.tvmaze.com/shows/1613/underemployed
1614,Bureau Raampoort,Scripted,Dutch,Drama | Crime,Ended,2014-12-03,45,,SBS 6,Netherlands,https://www.tvmaze.com/shows/1614/bureau-raampoort
1615,Steven Universe,Animation,English,Action | Adventure | Science-Fiction,Ended,2013-11-04,15,8.1,Cartoon Network,United States,https://www.tvmaze.com/shows/1615/steven-universe
1616,Wander Over Yonder,Animation,English,Comedy | Adventure | Science-Fiction,Ended,2013-08-16,15,7.2,Disney XD,United States,https://www.tvmaze.com/shows/1616/wander-over-yonder
1617,Uncle Grandpa,Animation,English,Comedy | Children | Fantasy,Ended,2013-09-02,15,5.6,Cartoon Network,United States,https://www.tvmaze.com/shows/1617/uncle-grandpa
1618,Stone Quackers,Animation,English,Comedy,Ended,2014-10-31,15,5.3,FXX,United States,https://www.tvmaze.com/shows/1618/stone-quackers
1619,Danger 5,Scripted,English,Comedy | Action | War,Ended,2012-02-27,30,7.2,SBS,Australia,https://www.tvmaze.com/shows/1619/danger-5
1620,Mozart in the Jungle,Scripted,English,Drama | Comedy | Music,Ended,2014-02-06,,7.6,Prime Video,,https://www.tvmaze.com/shows/1620/mozart-in-the-jungle
1621,Cabin Fever,Reality,English,,Ended,2015-02-24,60,,National Geographic,United States,https://www.tvmaze.com/shows/1621/cabin-fever
1622,My City's Just Not That Into Me,Reality,English,,Ended,2015-03-04,30,,FYI,United States,https://www.tvmaze.com/shows/1622/my-citys-just-not-that-into-me
1623,Strange Love,Reality,English,Romance,Ended,2015-03-04,30,,TLC,United States,https://www.tvmaze.com/shows/1623/strange-love
1624,Moment of Truth,Documentary,English,,Ended,2016-07-18,15,,ABC,Australia,https://www.tvmaze.com/shows/1624/moment-of-truth
1625,Born in the Wild,Reality,English,,Ended,2015-03-03,60,,Lifetime,United States,https://www.tvmaze.com/shows/1625/born-in-the-wild
1626,Aloha Vet,Documentary,English,Nature | Medical,Ended,2015-03-21,60,,National Geographic Wild,United States,https://www.tvmaze.com/shows/1626/aloha-vet
1627,Supercar Superbuild,Documentary,English,,Ended,2014-10-09,60,,Quest,United Kingdom,https://www.tvmaze.com/shows/1627/supercar-superbuild
1628,Min Krig,Documentary,Danish,,Ended,2014-09-29,30,,DR3,Denmark,https://www.tvmaze.com/shows/1628/min-krig
1629,U-Boat War,Documentary,English,War | History,Ended,1997-07-01,60,,Discovery,United States,https://www.tvmaze.com/shows/1629/u-boat-war
1630,Patrol Boat,Scripted,English,Drama | Action,Ended,1979-06-28,60,,ABC,Australia,https://www.tvmaze.com/shows/1630/patrol-boat
1631,K.C. Undercover,Scripted,English,Comedy | Action | Family,Ended,2015-01-18,,7.6,DisneyNOW,United States,https://www.tvmaze.com/shows/1631/kc-undercover
1632,C.S. Forester's Horatio Hornblower,Scripted,English,Drama | Action | Adventure,Ended,1998-10-07,120,8,ITV1,United Kingdom,https://www.tvmaze.com/shows/1632/cs-foresters-horatio-hornblower
1633,Overhaulin',Reality,English,,Ended,2004-04-20,60,,MotorTrend,United States,https://www.tvmaze.com/shows/1633/overhaulin
1634,Misfit Garage,Reality,English,,Ended,2014-10-13,60,7.1,Discovery,United States,https://www.tvmaze.com/shows/1634/misfit-garage
1635,Graveyard Carz,Reality,English,,Running,2012-06-14,60,6.1,MotorTrend,United States,https://www.tvmaze.com/shows/1635/graveyard-carz
1636,Fifth Gear,Reality,English,,Running,2002-04-08,60,6.4,Quest,United Kingdom,https://www.tvmaze.com/shows/1636/fifth-gear
1637,Fat n' Furious: Rolling Thunder,Reality,English,,Ended,2014-06-23,60,,Discovery,United States,https://www.tvmaze.com/shows/1637/fat-n-furious-rolling-thunder
1638,37 Days,Scripted,English,Drama | War | History,Ended,2014-03-06,60,7.2,BBC Two,United Kingdom,https://www.tvmaze.com/shows/1638/37-days
1639,Andrew Marr's History of the World,Documentary,English,History,Ended,2012-09-23,60,,BBC One,United Kingdom,https://www.tvmaze.com/shows/1639/andrew-marrs-history-of-the-world
1640,Apparitions,Scripted,English,Drama | Mystery | Supernatural,Ended,2008-11-13,60,,BBC One,United Kingdom,https://www.tvmaze.com/shows/1640/apparitions
1641,Black Books,Scripted,English,Comedy,Ended,2000-09-29,25,8.4,Channel 4,United Kingdom,https://www.tvmaze.com/shows/1641/black-books
1642,Brazil Red,Scripted,Portuguese,Drama,Ended,2013-03-03,60,,RTP1,Portugal,https://www.tvmaze.com/shows/1642/brazil-red
1643,Clone High,Animation,English,Comedy | Science-Fiction,Ended,2002-11-02,30,7.1,Cartoon Network,Canada,https://www.tvmaze.com/shows/1643/clone-high
1644,Code Name: Eternity,Scripted,English,,Ended,2000-05-14,45,,Syndication,United States,https://www.tvmaze.com/shows/1644/code-name-eternity
1645,Comedians in Cars Getting Coffee,Talk Show,English,Comedy,Ended,2012-07-19,,7.3,Netflix,,https://www.tvmaze.com/shows/1645/comedians-in-cars-getting-coffee
1646,Crossbow,Scripted,English,Action | Adventure,Ended,1987-08-30,30,,Freeform,United States,https://www.tvmaze.com/shows/1646/crossbow
1647,Os Filhos do Rock,Scripted,Portuguese,Drama | Music,Ended,2013-12-08,60,,RTP1,Portugal,https://www.tvmaze.com/shows/1647/os-filhos-do-rock
1648,Fallen,Scripted,English,Adventure | Fantasy,Ended,2007-08-04,60,7.5,Freeform,United States,https://www.tvmaze.com/shows/1648/fallen
1649,First Wave,Scripted,English,Drama | Science-Fiction,Ended,1998-09-09,60,7.8,Syfy,United States,https://www.tvmaze.com/shows/1649/first-wave
1650,Fresh Meat,Scripted,English,Drama | Comedy,Ended,2011-09-21,50,8,Channel 4,United Kingdom,https://www.tvmaze.com/shows/1650/fresh-meat
1651,"God, The Devil and Bob",Animation,English,Comedy,Ended,2000-03-09,30,6.3,NBC,United States,https://www.tvmaze.com/shows/1651/god-the-devil-and-bob
1652,Great Expectations,Scripted,English,Drama | Romance,Ended,2011-12-27,40,6.7,BBC One,United Kingdom,https://www.tvmaze.com/shows/1652/great-expectations
1653,Highlander: The Animated Series,Animation,English,Action | Adventure | Fantasy,Ended,1994-10-16,30,7.3,USA Network,United States,https://www.tvmaze.com/shows/1653/highlander-the-animated-series
1654,Human Planet,Documentary,English,Nature,Ended,2011-01-13,60,8,BBC One,United Kingdom,https://www.tvmaze.com/shows/1654/human-planet
1655,Inside Men,Scripted,English,Drama | Action | Crime,Ended,2012-02-02,55,7.8,BBC One,United Kingdom,https://www.tvmaze.com/shows/1655/inside-men
1656,Lexx,Scripted,English,Drama | Horror | Science-Fiction,Ended,1997-04-18,60,7.2,CTV Sci-Fi Channel,Canada,https://www.tvmaze.com/shows/1656/lexx
1657,Mankind: The Story of All of Us,Documentary,English,History,Ended,2012-11-13,60,,History,United States,https://www.tvmaze.com/shows/1657/mankind-the-story-of-all-of-us
1658,Mortal Kombat: Conquest,Scripted,English,Action | Adventure | Fantasy,Ended,1998-10-03,60,5.6,Syndication,United States,https://www.tvmaze.com/shows/1658/mortal-kombat-conquest
1659,My Hero,Scripted,English,Comedy | Fantasy | Romance,Ended,2000-02-04,30,7.3,BBC One,United Kingdom,https://www.tvmaze.com/shows/1659/my-hero
1660,Off Centre,Scripted,English,Comedy,Ended,2001-10-14,30,,The WB,United States,https://www.tvmaze.com/shows/1660/off-centre
1661,The PJs,Animation,English,Comedy,Ended,1999-01-10,30,7.6,The WB,United States,https://www.tvmaze.com/shows/1661/the-pjs
1662,ReBoot,Animation,English,Action | Adventure | Science-Fiction,Ended,1994-09-10,30,7.4,YTV,Canada,https://www.tvmaze.com/shows/1662/reboot
1663,Robin of Sherwood,Scripted,English,Action | Adventure,Ended,1984-04-28,60,7.6,ITV1,United Kingdom,https://www.tvmaze.com/shows/1663/robin-of-sherwood
1664,S Club 7,Scripted,English,Drama | Comedy | Music,Ended,1999-04-08,30,,BBC One,United Kingdom,https://www.tvmaze.com/shows/1664/s-club-7
1665,The Shadow Line,Scripted,English,Drama | Crime | Thriller,Ended,2011-05-05,60,7.5,BBC Two,United Kingdom,https://www.tvmaze.com/shows/1665/the-shadow-line
1666,That's My Bush!,Scripted,English,Comedy,Ended,2001-04-04,30,,Comedy Central,United States,https://www.tvmaze.com/shows/1666/thats-my-bush
1667,The Thick of It,Scripted,English,Comedy,Ended,2005-05-19,30,7.5,BBC Four,United Kingdom,https://www.tvmaze.com/shows/1667/the-thick-of-it
1668,The Tick,Scripted,English,Comedy | Action | Science-Fiction,Ended,2001-11-08,30,7.1,FOX,United States,https://www.tvmaze.com/shows/1668/the-tick
1669,The Tick,Animation,English,Comedy | Action | Science-Fiction,Ended,1994-09-10,30,7.5,FOX,United States,https://www.tvmaze.com/shows/1669/the-tick
1670,Treasure Island,Scripted,English,Action | Adventure,Ended,2012-01-01,90,,Sky Showcase,United Kingdom,https://www.tvmaze.com/shows/1670/treasure-island
1671,Virtuality,Scripted,English,Drama | Action | Adventure,Ended,2009-06-26,60,7.2,FOX,United States,https://www.tvmaze.com/shows/1671/virtuality
1672,Watchmen: The Motion Comic,Animation,English,Drama | Action | Science-Fiction,Ended,2008-07-17,30,7.8,Syndication,United States,https://www.tvmaze.com/shows/1672/watchmen-the-motion-comic
1673,Suikoden,Scripted,Japanese,Drama | Action | Adventure,Ended,1973-10-02,55,,NTV,Japan,https://www.tvmaze.com/shows/1673/suikoden
1674,Odisseia,Scripted,Portuguese,Drama | Comedy,Ended,2013-01-20,41,,RTP1,Portugal,https://www.tvmaze.com/shows/1674/odisseia
1676,Dragon Ball Kai,Animation,Japanese,Action | Adventure | Anime | Fantasy,Ended,2009-04-05,25,7.2,Fuji TV,Japan,https://www.tvmaze.com/shows/1676/dragon-ball-kai
1678,Poldark,Scripted,English,Drama | Romance,Ended,2015-03-08,60,8.3,BBC One,United Kingdom,https://www.tvmaze.com/shows/1678/poldark
1679,The Slim Shady Show,Animation,English,Comedy | Adult,Ended,2000-09-16,5,4.8,MTV2,United States,https://www.tvmaze.com/shows/1679/the-slim-shady-show
1680,Beauty and the Geek,Reality,English,Romance,Ended,2005-06-01,60,5.8,The CW,United States,https://www.tvmaze.com/shows/1680/beauty-and-the-geek
1681,The Elegant Universe,Documentary,English,,Ended,2003-10-28,60,6.8,PBS,United States,https://www.tvmaze.com/shows/1681/the-elegant-universe
1682,FM,Scripted,English,Comedy,Ended,2009-02-25,30,,ITV2,United Kingdom,https://www.tvmaze.com/shows/1682/fm
1683,Friday Night with Jonathan Ross,Talk Show,English,Comedy | Music,Ended,2001-11-02,60,,BBC One,United Kingdom,https://www.tvmaze.com/shows/1683/friday-night-with-jonathan-ross
1684,How to Be a Gentleman,Scripted,English,Comedy,Ended,2011-09-29,30,,CBS,United States,https://www.tvmaze.com/shows/1684/how-to-be-a-gentleman
1685,The Jonathan Ross Show,Talk Show,English,Comedy,Running,2011-09-03,65,7.3,ITV1,United Kingdom,https://www.tvmaze.com/shows/1685/the-jonathan-ross-show
1686,Trust Me,Scripted,English,Drama,Ended,2009-01-26,60,,TNT,United States,https://www.tvmaze.com/shows/1686/trust-me
1687,"Sex, Death and the Meaning of Life",Documentary,English,,Ended,2012-10-12,45,,Channel 4,United Kingdom,https://www.tvmaze.com/shows/1687/sex-death-and-the-meaning-of-life
1688,Scoundrels,Scripted,English,Drama | Comedy,Ended,2010-06-20,60,,ABC,United States,https://www.tvmaze.com/shows/1688/scoundrels
1689,Ramsay's Kitchen Nightmares,Reality,English,Food,Ended,2004-04-27,60,6.4,Channel 4,United Kingdom,https://www.tvmaze.com/shows/1689/ramsays-kitchen-nightmares
1690,Players,Scripted,English,Comedy,Ended,2010-03-02,30,,Paramount Network,United States,https://www.tvmaze.com/shows/1690/players
1691,The Listener,Scripted,English,Drama | Crime | Supernatural,Ended,2009-06-03,60,7.9,CTV,Canada,https://www.tvmaze.com/shows/1691/the-listener
1692,Lone Star,Scripted,English,Drama,Ended,2010-09-20,60,7.8,FOX,United States,https://www.tvmaze.com/shows/1692/lone-star
1693,Masters of Money,Documentary,English,History,Ended,2012-09-17,60,,BBC Two,United Kingdom,https://www.tvmaze.com/shows/1693/masters-of-money
1694,Men of a Certain Age,Scripted,English,Drama | Comedy,Ended,2009-12-07,60,6,TNT,United States,https://www.tvmaze.com/shows/1694/men-of-a-certain-age
1695,Cuéntame como pasó,Scripted,Spanish,Drama,Running,2001-09-13,60,,La 1,Spain,https://www.tvmaze.com/shows/1695/cuentame-como-paso
1697,Cuestión de Sexo,Scripted,Spanish,Comedy,Ended,2007-09-25,,,Cuatro,Spain,https://www.tvmaze.com/shows/1697/cuestion-de-sexo
1698,Vientos de Agua,Scripted,Spanish,Drama,Ended,2006-01-03,,,Telecinco,Spain,https://www.tvmaze.com/shows/1698/vientos-de-agua
1699,Unidad Central Operativa,Scripted,Spanish,,Ended,2009-05-28,,,RTVE,Spain,https://www.tvmaze.com/shows/1699/unidad-central-operativa
1700,Física o Química,Scripted,Spanish,Drama,Ended,2008-02-04,90,7.7,Antena 3,Spain,https://www.tvmaze.com/shows/1700/fisica-o-quimica
1701,La Chica de Ayer,Scripted,Spanish,Drama | Crime | Science-Fiction,Ended,2009-04-26,75,,Antena 3,Spain,https://www.tvmaze.com/shows/1701/la-chica-de-ayer
1702,Los Protegidos,Scripted,Spanish,Drama | Fantasy | Mystery,Ended,2010-01-12,80,,Antena 3,Spain,https://www.tvmaze.com/shows/1702/los-protegidos
1703,Pesadilla en la Cocina,Reality,Spanish,,Running,2012-10-25,,,La Sexta,Spain,https://www.tvmaze.com/shows/1703/pesadilla-en-la-cocina
1704,Inhumans,Animation,English,Science-Fiction,Ended,2014-04-23,15,5.8,Syndication,United States,https://www.tvmaze.com/shows/1704/inhumans
1705,Dates,Scripted,English,Drama | Romance,Ended,2013-06-10,30,7.2,Channel 4,United Kingdom,https://www.tvmaze.com/shows/1705/dates
1706,Rush,Scripted,English,Drama | Medical,Ended,2014-07-17,60,7.7,USA Network,United States,https://www.tvmaze.com/shows/1706/rush
1707,The Escape Artist,Scripted,English,Drama | Thriller | Legal,Ended,2013-10-29,60,7.4,BBC One,United Kingdom,https://www.tvmaze.com/shows/1707/the-escape-artist
1708,Chiringuito de Pepe,Scripted,Spanish,Drama | Comedy | Food,Ended,2014-06-09,75,,Telecinco,Spain,https://www.tvmaze.com/shows/1708/chiringuito-de-pepe
1709,Los Hombres de Paco,Scripted,Spanish,,Running,2005-10-09,80,,Antena 3,Spain,https://www.tvmaze.com/shows/1709/los-hombres-de-paco
1710,One Big Happy,Scripted,English,Comedy,Ended,2015-03-17,30,7.6,NBC,United States,https://www.tvmaze.com/shows/1710/one-big-happy
1711,The Dovekeepers,Scripted,English,Drama | Romance | History,Ended,2015-03-31,120,8,CBS,United States,https://www.tvmaze.com/shows/1711/the-dovekeepers
1712,Weird Loners,Scripted,English,Comedy | Romance,Ended,2015-03-31,30,6.7,FOX,United States,https://www.tvmaze.com/shows/1712/weird-loners
1713,Repeat After Me,Reality,English,Comedy,Ended,2015-02-17,30,,ABC,United States,https://www.tvmaze.com/shows/1713/repeat-after-me
1714,WPC 56,Scripted,English,Drama | Crime | Romance,Ended,2013-03-18,45,6.9,BBC One,United Kingdom,https://www.tvmaze.com/shows/1714/wpc-56
1715,Counting Cars,Reality,English,,Ended,2012-08-13,60,6.7,History,United States,https://www.tvmaze.com/shows/1715/counting-cars
1716,Little Britain,Variety,English,Comedy,Ended,2003-02-09,30,7.6,BBC One,United Kingdom,https://www.tvmaze.com/shows/1716/little-britain
1717,Little Britain USA,Scripted,English,Comedy,Ended,2008-09-28,30,7.6,HBO,United States,https://www.tvmaze.com/shows/1717/little-britain-usa
1718,Goodness Gracious Me,Variety,English,Comedy,Ended,1998-01-12,30,7.8,BBC Two,United Kingdom,https://www.tvmaze.com/shows/1718/goodness-gracious-me
1719,Mr. Bean,Scripted,English,Comedy | Family,Ended,1990-01-01,30,8.1,ITV1,United Kingdom,https://www.tvmaze.com/shows/1719/mr-bean
1720,The League of Gentlemen,Scripted,English,Comedy,Ended,1999-01-11,,8,BBC Two,United Kingdom,https://www.tvmaze.com/shows/1720/the-league-of-gentlemen
1721,The Bible,Scripted,English,Drama | Action | Adventure,Ended,2013-03-03,60,8,History,United States,https://www.tvmaze.com/shows/1721/the-bible
1722,Walk of Shame Shuttle,Reality,English,,Ended,2015-03-12,30,,VH1,United States,https://www.tvmaze.com/shows/1722/walk-of-shame-shuttle
1723,Walking the Nile,Documentary,English,,Ended,2015-01-04,60,,Channel 4,United Kingdom,https://www.tvmaze.com/shows/1723/walking-the-nile
1724,Surviving the Cut,Reality,English,,Ended,2015-03-18,60,,Discovery,United States,https://www.tvmaze.com/shows/1724/surviving-the-cut
1725,Breaking Borders,Reality,English,,Ended,2015-03-15,60,,Travel Channel,United States,https://www.tvmaze.com/shows/1725/breaking-borders
1726,Hot GRITS,Reality,English,,Running,2015-03-25,60,,VH1,United States,https://www.tvmaze.com/shows/1726/hot-grits
1727,Little Women: NY,Reality,English,Drama | Family,Ended,2015-03-25,60,,Lifetime,United States,https://www.tvmaze.com/shows/1727/little-women-ny
1728,"Big Time in Hollywood, FL",Scripted,English,Comedy,Ended,2015-03-25,30,7.6,Comedy Central,United States,https://www.tvmaze.com/shows/1728/big-time-in-hollywood-fl
1729,Harvey Beaks,Animation,English,Comedy | Family | Fantasy,Ended,2015-03-29,15,5.3,Nicktoons,United States,https://www.tvmaze.com/shows/1729/harvey-beaks
1730,Cancer: The Emperor of All Maladies,Documentary,English,,Ended,2015-03-30,120,,PBS,United States,https://www.tvmaze.com/shows/1730/cancer-the-emperor-of-all-maladies
1731,Olympus,Scripted,English,Drama | Adventure | Fantasy,Ended,2015-04-02,60,6.1,Syfy,United States,https://www.tvmaze.com/shows/1731/olympus
1732,Lip Sync Battle,Game Show,English,Comedy | Music,Ended,2015-04-02,30,6.5,Paramount Network,United States,https://www.tvmaze.com/shows/1732/lip-sync-battle
1733,Meet the Smiths,Reality,English,,Ended,2015-04-03,30,,TBS,United States,https://www.tvmaze.com/shows/1733/meet-the-smiths
1734,The Lizzie Borden Chronicles,Scripted,English,Horror,Ended,2015-04-05,60,7.6,Lifetime,United States,https://www.tvmaze.com/shows/1734/the-lizzie-borden-chronicles
1735,Happyish,Scripted,English,Drama | Comedy,Ended,2015-04-26,30,7.7,Paramount+ with Showtime,United States,https://www.tvmaze.com/shows/1735/happyish
1738,Did He Do It?,Documentary,English,Crime,Ended,2015-04-02,60,,Investigation Discovery,United States,https://www.tvmaze.com/shows/1738/did-he-do-it
1739,100 Miles from Nowhere,Reality,English,Adventure | Travel,Ended,2015-04-05,60,,Animal Planet,United States,https://www.tvmaze.com/shows/1739/100-miles-from-nowhere
1740,Your Family or Mine,Scripted,English,Comedy | Family,Ended,2015-04-07,30,6.9,TBS,United States,https://www.tvmaze.com/shows/1740/your-family-or-mine
1742,Jump!,Documentary,English,Sports,Ended,2015-04-10,60,,Lifetime,United States,https://www.tvmaze.com/shows/1742/jump
1743,Good Work,Reality,English,,Ended,2015-04-14,60,,E!,United States,https://www.tvmaze.com/shows/1743/good-work
1744,Over the Garden Wall,Animation,English,Drama | Fantasy | Mystery,Ended,2014-11-03,,8.1,Cartoon Network,United States,https://www.tvmaze.com/shows/1744/over-the-garden-wall
1745,Young & Hungry,Scripted,English,Comedy | Food | Romance,Ended,2014-06-25,30,7.5,Freeform,United States,https://www.tvmaze.com/shows/1745/young-hungry
1746,Cucumber,Scripted,English,Drama,Ended,2015-01-22,60,7,Channel 4,United Kingdom,https://www.tvmaze.com/shows/1746/cucumber
1747,Texas Rising,Scripted,English,Drama | Action | Western,Ended,2015-05-25,90,6.8,History,United States,https://www.tvmaze.com/shows/1747/texas-rising
1748,Matlock,Scripted,English,Drama | Crime | Legal,Ended,1986-03-03,60,7.2,ABC,United States,https://www.tvmaze.com/shows/1748/matlock
1749,The Goodies,Scripted,English,Comedy,Ended,1970-11-08,30,,London Weekend Television,United Kingdom,https://www.tvmaze.com/shows/1749/the-goodies
1750,Black Butler,Animation,Japanese,Drama | Action | Anime,Running,2008-10-02,30,7.3,MBS,Japan,https://www.tvmaze.com/shows/1750/black-butler
1752,The Starlost,Scripted,English,Action | Adventure | Science-Fiction,Ended,1973-09-22,60,6.8,CTV,Canada,https://www.tvmaze.com/shows/1752/the-starlost
1753,Jonathan Creek,Scripted,English,Drama | Crime | Mystery,Ended,1997-05-10,60,7.8,BBC One,United Kingdom,https://www.tvmaze.com/shows/1753/jonathan-creek
1754,Ironside,Scripted,English,Drama | Crime,Ended,1967-03-28,60,7.6,NBC,United States,https://www.tvmaze.com/shows/1754/ironside
1755,The World Wars,Documentary,English,War,Ended,2014-05-26,120,7.3,History,United States,https://www.tvmaze.com/shows/1755/the-world-wars
1756,Marchlands,Scripted,English,Drama,Ended,2011-02-03,60,,ITV1,United Kingdom,https://www.tvmaze.com/shows/1756/marchlands
1757,Lightfields,Scripted,English,Drama | Supernatural,Ended,2013-02-27,60,6.9,ITV1,United Kingdom,https://www.tvmaze.com/shows/1757/lightfields
1758,DCI Banks,Scripted,English,Drama | Crime,Ended,2010-09-27,60,7.9,ITV1,United Kingdom,https://www.tvmaze.com/shows/1758/dci-banks
1759,5ive Days to Midnight,Scripted,English,Drama | Science-Fiction | Thriller,Ended,2004-06-07,60,6.7,Syfy,United States,https://www.tvmaze.com/shows/1759/5ive-days-to-midnight
1760,Anne of Green Gables,Scripted,English,Drama | Family,Ended,1985-12-01,120,7.5,CBC,Canada,https://www.tvmaze.com/shows/1760/anne-of-green-gables
1761,Anne of Green Gables,Animation,Japanese,Drama | Anime,Ended,1979-01-07,30,7.2,Fuji TV,Japan,https://www.tvmaze.com/shows/1761/anne-of-green-gables
1762,The Adventures of Tom Sawyer,Animation,Japanese,Drama | Adventure,Ended,1980-01-06,25,6.6,Fuji TV,Japan,https://www.tvmaze.com/shows/1762/the-adventures-of-tom-sawyer
1763,El Ministerio del Tiempo,Scripted,Spanish,Adventure | Science-Fiction,Ended,2015-02-24,70,7.8,La 1,Spain,https://www.tvmaze.com/shows/1763/el-ministerio-del-tiempo
1764,The First World War,Documentary,English,War | History,Ended,2003-09-20,50,,Channel 4,United Kingdom,https://www.tvmaze.com/shows/1764/the-first-world-war
1765,Tour of Duty,Scripted,English,Drama | Action | War,Ended,1987-09-24,60,7.1,CBS,United States,https://www.tvmaze.com/shows/1765/tour-of-duty
1766,Spotless,Scripted,French,Drama | Crime,Ended,2015-03-16,60,7.7,Canal+,France,https://www.tvmaze.com/shows/1766/spotless
1767,The Bletchley Circle,Scripted,English,Drama | Crime | Mystery,Ended,2012-09-06,45,8,ITV1,United Kingdom,https://www.tvmaze.com/shows/1767/the-bletchley-circle
1768,The Catherine Tate Show,Scripted,English,Comedy,Ended,2004-02-16,,,BBC Two,United Kingdom,https://www.tvmaze.com/shows/1768/the-catherine-tate-show
1769,Those Who Kill,Scripted,English,Drama | Action | Crime,Ended,2014-03-03,60,7.6,A&E,United States,https://www.tvmaze.com/shows/1769/those-who-kill
1770,Top Boy,Scripted,English,Drama | Crime | Thriller,Ended,2011-10-31,60,7.7,Channel 4,United Kingdom,https://www.tvmaze.com/shows/1770/top-boy
1771,8 Minutes,Reality,English,Drama | Action | Crime,Ended,2015-04-02,60,,A&E,United States,https://www.tvmaze.com/shows/1771/8-minutes
1772,The Grace Helbig Show,Variety,English,Comedy,Ended,2015-04-03,30,,E!,United States,https://www.tvmaze.com/shows/1772/the-grace-helbig-show
1773,The Watch,Reality,English,,Ended,2015-04-09,60,,National Geographic,United States,https://www.tvmaze.com/shows/1773/the-watch
1774,Everything You Didn't Know About Animals,Documentary,English,,Ended,2015-04-13,60,,National Geographic Wild,United States,https://www.tvmaze.com/shows/1774/everything-you-didnt-know-about-animals
1775,Schitt's Creek,Scripted,English,Comedy,Ended,2015-01-13,30,7.6,CBC,Canada,https://www.tvmaze.com/shows/1775/schitts-creek
1776,Porridge,Scripted,English,Comedy | Crime,Ended,1974-09-05,30,8,BBC One,United Kingdom,https://www.tvmaze.com/shows/1776/porridge
1777,Heroes of Aviation,Documentary,English,,Ended,2006-04-15,55,,Prime Video,,https://www.tvmaze.com/shows/1777/heroes-of-aviation
1778,Y Gwyll,Scripted,Welsh,Drama | Crime,Ended,2013-10-29,60,7.7,S4C,United Kingdom,https://www.tvmaze.com/shows/1778/y-gwyll
1779,Remedy,Scripted,English,Drama | Family | Medical,Ended,2014-02-24,60,7,Global,Canada,https://www.tvmaze.com/shows/1779/remedy
1780,Finding Carter,Scripted,English,Drama | Family,Ended,2014-07-08,60,7,MTV,United States,https://www.tvmaze.com/shows/1780/finding-carter
1781,Swab Stories,Reality,English,,Ended,2015-04-27,60,,VH1,United States,https://www.tvmaze.com/shows/1781/swab-stories
1782,500 Questions,Game Show,English,Family,Ended,2015-05-20,60,,ABC,United States,https://www.tvmaze.com/shows/1782/500-questions
1783,Celebrity Wife Swap,Reality,English,Family,Ended,2012-01-02,60,,ABC,United States,https://www.tvmaze.com/shows/1783/celebrity-wife-swap
1784,All in the Family,Scripted,English,Comedy | Family,Ended,1971-01-12,30,7.8,CBS,United States,https://www.tvmaze.com/shows/1784/all-in-the-family
1785,Stephen King's The Stand,Scripted,English,Drama | Fantasy | Horror,Ended,1994-05-08,90,7.6,ABC,United States,https://www.tvmaze.com/shows/1785/stephen-kings-the-stand
1786,The Shining,Scripted,English,Drama | Horror,Ended,1997-04-27,120,6.5,ABC,United States,https://www.tvmaze.com/shows/1786/the-shining
1787,Zwarte Tulp,Scripted,Dutch,Drama | Mystery,Ended,2015-03-30,,,Videoland,Netherlands,https://www.tvmaze.com/shows/1787/zwarte-tulp
1788,Killjoys,Scripted,English,Action | Adventure | Science-Fiction,Ended,2015-06-19,60,8,CTV Sci-Fi Channel,Canada,https://www.tvmaze.com/shows/1788/killjoys
1789,Friday Night Dinner,Scripted,English,Comedy | Family,Ended,2011-02-25,35,8,Channel 4,United Kingdom,https://www.tvmaze.com/shows/1789/friday-night-dinner
1790,Prey,Scripted,English,Drama | Action | Crime,Ended,2014-04-28,60,7.7,ITV1,United Kingdom,https://www.tvmaze.com/shows/1790/prey
1791,Scream: The TV Series,Scripted,English,Horror | Mystery,Ended,2015-06-30,60,7,VH1,United States,https://www.tvmaze.com/shows/1791/scream-the-tv-series
1792,Place of Execution,Scripted,English,Drama | Crime,Ended,2008-09-22,60,,ITV1,United Kingdom,https://www.tvmaze.com/shows/1792/place-of-execution
1794,Complications,Scripted,English,Drama | Thriller | Medical,Ended,2015-06-18,60,7.9,USA Network,United States,https://www.tvmaze.com/shows/1794/complications
1796,Other Space,Scripted,English,Comedy | Adventure | Science-Fiction,Ended,2015-04-14,30,6.7,Yahoo! View,United States,https://www.tvmaze.com/shows/1796/other-space
1797,The Ride,Documentary,English,Music,Running,2015-04-18,60,,MTV,Portugal,https://www.tvmaze.com/shows/1797/the-ride
1798,Tatau,Scripted,English,Drama | Crime | Fantasy,Ended,2015-04-12,60,7.3,BBC Three,United Kingdom,https://www.tvmaze.com/shows/1798/tatau
1799,The Prancing Elites Project,Reality,English,,Ended,2015-04-22,60,,Oxygen True Crime,United States,https://www.tvmaze.com/shows/1799/the-prancing-elites-project
1800,Beyond the Tank,Reality,English,,Ended,2015-05-01,60,,ABC,United States,https://www.tvmaze.com/shows/1800/beyond-the-tank
1801,Arctic Rescue,Reality,English,Adventure,Ended,2015-03-23,60,,Discovery,United States,https://www.tvmaze.com/shows/1801/arctic-rescue
1802,This Old House,Reality,English,DIY,Running,1979-01-01,30,7.8,PBS,United States,https://www.tvmaze.com/shows/1802/this-old-house
1804,The Man in the High Castle,Scripted,English,Drama | Science-Fiction | Thriller,Ended,2015-01-15,,8.1,Prime Video,,https://www.tvmaze.com/shows/1804/the-man-in-the-high-castle
1805,Are You Afraid of the Dark?,Scripted,English,Drama | Fantasy | Horror,Ended,1992-08-15,30,6.7,Nickelodeon,United States,https://www.tvmaze.com/shows/1805/are-you-afraid-of-the-dark
1806,Resident Advisors,Scripted,English,,Ended,2015-04-09,30,,Hulu,United States,https://www.tvmaze.com/shows/1806/resident-advisors
1807,Round the Twist,Scripted,English,Children,Ended,1990-08-26,25,6.3,ABC,Australia,https://www.tvmaze.com/shows/1807/round-the-twist
1808,Underbelly,Scripted,English,Drama | Crime,Ended,2008-02-13,60,8,Nine Network,Australia,https://www.tvmaze.com/shows/1808/underbelly
1809,Kath and Kim,Scripted,English,Comedy,Ended,2002-05-16,30,,Seven Network,Australia,https://www.tvmaze.com/shows/1809/kath-and-kim
1810,"Harvey Birdman, Attorney at Law",Animation,English,Comedy | Science-Fiction | Legal,Ended,2000-12-30,15,7.6,Adult Swim,United States,https://www.tvmaze.com/shows/1810/harvey-birdman-attorney-at-law
1811,We Can Be Heroes,Scripted,English,Comedy,Ended,2005-07-27,30,,ABC,Australia,https://www.tvmaze.com/shows/1811/we-can-be-heroes
1812,The Body Farm,Scripted,English,Drama | Crime,Ended,2011-09-13,60,7.1,BBC One,United Kingdom,https://www.tvmaze.com/shows/1812/the-body-farm
1813,Scott and Bailey,Scripted,English,Drama | Crime,Ended,2011-05-29,60,7.9,ITV1,United Kingdom,https://www.tvmaze.com/shows/1813/scott-and-bailey
1814,The Doctor Blake Mysteries,Scripted,English,Drama | Crime | Mystery,Ended,2013-02-01,60,8.1,ABC,Australia,https://www.tvmaze.com/shows/1814/the-doctor-blake-mysteries
1815,Bondi Rescue,Reality,English,Drama | Action,Running,2006-02-06,30,7.9,Network 10,Australia,https://www.tvmaze.com/shows/1815/bondi-rescue
1816,Flipping Ships,Reality,English,,Ended,2015-04-24,60,,Animal Planet,United States,https://www.tvmaze.com/shows/1816/flipping-ships
1817,The Truth About Cats,Documentary,English,,Ended,2015-04-24,60,,National Geographic Wild,United States,https://www.tvmaze.com/shows/1817/the-truth-about-cats
1818,I Can Do That,Variety,English,Comedy,Ended,2015-05-26,60,5.8,NBC,United States,https://www.tvmaze.com/shows/1818/i-can-do-that
1819,Dark Matter,Scripted,English,Action | Adventure | Science-Fiction,Ended,2015-06-12,60,8.2,CTV Sci-Fi Channel,Canada,https://www.tvmaze.com/shows/1819/dark-matter
1820,Proof,Scripted,English,Drama | Mystery | Supernatural,Ended,2015-06-16,60,7.3,TNT,United States,https://www.tvmaze.com/shows/1820/proof
1821,Ballers,Scripted,English,Drama | Comedy | Sports,Ended,2015-06-21,30,7.6,HBO,United States,https://www.tvmaze.com/shows/1821/ballers
1822,The Brink,Scripted,English,Comedy | War,Ended,2015-06-21,30,7.5,HBO,United States,https://www.tvmaze.com/shows/1822/the-brink
1823,Between,Scripted,English,Drama | Science-Fiction | Mystery,Ended,2015-05-21,,6.5,Netflix,,https://www.tvmaze.com/shows/1823/between
1824,Fear the Walking Dead,Scripted,English,Drama | Action | Horror,Ended,2015-08-23,,7.6,AMC+,United States,https://www.tvmaze.com/shows/1824/fear-the-walking-dead
1825,The Expanse,Scripted,English,Science-Fiction | Thriller | Mystery,Ended,2015-12-14,,8.7,Prime Video,,https://www.tvmaze.com/shows/1825/the-expanse
1827,Black Work,Scripted,English,Drama | Thriller,Ended,2015-06-21,60,7.8,ITV1,United Kingdom,https://www.tvmaze.com/shows/1827/black-work
1828,Wentworth,Scripted,English,Drama | Crime,Ended,2013-05-01,60,8,Showcase,Australia,https://www.tvmaze.com/shows/1828/wentworth
1829,Psychic Matchmaker,Reality,English,,Ended,2015-05-01,30,,TLC,United States,https://www.tvmaze.com/shows/1829/psychic-matchmaker
1830,The Willis Family,Reality,English,Family | Music,Ended,2015-05-05,60,,TLC,United States,https://www.tvmaze.com/shows/1830/the-willis-family
1831,The Briefcase,Reality,English,,Ended,2015-05-27,60,,CBS,United States,https://www.tvmaze.com/shows/1831/the-briefcase
1832,The Secret War,Documentary,English,War,Ended,1977-01-05,50,,BBC One,United Kingdom,https://www.tvmaze.com/shows/1832/the-secret-war
1833,Banished,Scripted,English,Drama | Crime,Ended,2015-03-05,60,8,BBC Two,United Kingdom,https://www.tvmaze.com/shows/1833/banished
1834,1864,Scripted,Danish,Drama | War,Ended,2014-10-12,60,7.4,DR1,Denmark,https://www.tvmaze.com/shows/1834/1864
1835,Reno Rumble,Reality,English,DIY,Ended,2015-05-05,60,,Nine Network,Australia,https://www.tvmaze.com/shows/1835/reno-rumble
1836,The Block,Reality,English,,Running,2003-06-01,,7.4,Nine Network,Australia,https://www.tvmaze.com/shows/1836/the-block
1837,Frontline,Documentary,English,Drama,Running,1983-01-17,60,7.2,PBS,United States,https://www.tvmaze.com/shows/1837/frontline
1838,Sons of Winter,Reality,English,,Ended,2015-04-28,60,,Discovery,United States,https://www.tvmaze.com/shows/1838/sons-of-winter
1839,Monument Guys,Reality,English,,Ended,2015-05-06,60,,History,United States,https://www.tvmaze.com/shows/1839/monument-guys
1840,Lost in Transmission,Reality,English,,Ended,2015-05-07,60,,History,United States,https://www.tvmaze.com/shows/1840/lost-in-transmission
1841,Dead End Express,Reality,English,,Ended,2015-05-07,60,,National Geographic,United States,https://www.tvmaze.com/shows/1841/dead-end-express
1842,The Island,Reality,English,Action | Adventure,Ended,2015-05-25,60,,NBC,United States,https://www.tvmaze.com/shows/1842/the-island
1843,Golan the Insatiable,Animation,English,Comedy,Ended,2013-11-23,15,6.3,FOX,United States,https://www.tvmaze.com/shows/1843/golan-the-insatiable
1844,Stitchers,Scripted,English,Drama | Crime | Science-Fiction,Ended,2015-06-02,60,7.2,Freeform,United States,https://www.tvmaze.com/shows/1844/stitchers
1845,Maron,Scripted,English,Comedy,Ended,2013-05-03,30,7.8,IFC,United States,https://www.tvmaze.com/shows/1845/maron
1846,Sex&Drugs&Rock&Roll,Scripted,English,Comedy | Music,Ended,2015-07-16,30,5.8,FX,United States,https://www.tvmaze.com/shows/1846/sexdrugsrockroll
1847,Wet Hot American Summer: First Day of Camp,Scripted,English,Comedy,Ended,2015-07-31,,6.9,Netflix,,https://www.tvmaze.com/shows/1847/wet-hot-american-summer-first-day-of-camp
1848,The Spoils Before Dying,Scripted,English,Comedy | Crime,Ended,2015-07-08,30,4.4,IFC,United States,https://www.tvmaze.com/shows/1848/the-spoils-before-dying
1849,Tut,Scripted,English,Drama | Adventure | Romance,Ended,2015-07-19,60,7.2,Paramount Network,United States,https://www.tvmaze.com/shows/1849/tut
1850,Supergirl,Scripted,English,Drama | Action | Science-Fiction,Ended,2015-10-26,60,7,The CW,United States,https://www.tvmaze.com/shows/1850/supergirl
1851,DC's Legends of Tomorrow,Scripted,English,Drama | Action | Science-Fiction,Ended,2016-01-21,60,7.1,The CW,United States,https://www.tvmaze.com/shows/1851/dcs-legends-of-tomorrow
1852,Shetland,Scripted,English,Drama | Crime | Mystery,Running,2013-03-10,60,8,BBC One,United Kingdom,https://www.tvmaze.com/shows/1852/shetland
1853,Partners,Scripted,English,Comedy,Ended,2014-08-04,30,6.7,FX,United States,https://www.tvmaze.com/shows/1853/partners
1854,Ben Hur,Scripted,English,Drama | Action | Adventure,Ended,2010-04-04,120,6.9,CBC,Canada,https://www.tvmaze.com/shows/1854/ben-hur
1855,Blindspot,Scripted,English,Drama | Crime | Thriller,Ended,2015-09-21,60,7.4,NBC,United States,https://www.tvmaze.com/shows/1855/blindspot
1856,Dance Academy,Scripted,English,Drama | Music | Romance,Ended,2010-05-31,30,,ABC Entertains,Australia,https://www.tvmaze.com/shows/1856/dance-academy
1857,Lekker Nederlands,Game Show,Dutch,Comedy | Music,Ended,2015-04-18,90,,SBS 6,Netherlands,https://www.tvmaze.com/shows/1857/lekker-nederlands
1858,Minority Report,Scripted,English,Action | Crime | Science-Fiction,Ended,2015-09-21,60,6.9,FOX,United States,https://www.tvmaze.com/shows/1858/minority-report
1859,Lucifer,Scripted,English,Drama | Crime | Supernatural,Ended,2016-01-25,,8.3,Netflix,,https://www.tvmaze.com/shows/1859/lucifer
1861,Containment,Scripted,English,Drama | Horror | Thriller,Ended,2016-04-19,60,7.4,The CW,United States,https://www.tvmaze.com/shows/1861/containment
1862,Scream Queens,Scripted,English,Comedy | Horror | Mystery,Ended,2015-09-22,60,7,FOX,United States,https://www.tvmaze.com/shows/1862/scream-queens
1863,Wicked City,Scripted,English,Drama | Crime | Mystery,Ended,2015-10-27,60,7.2,Hulu,United States,https://www.tvmaze.com/shows/1863/wicked-city
1864,Superstore,Scripted,English,Comedy,Ended,2015-11-30,30,7.2,NBC,United States,https://www.tvmaze.com/shows/1864/superstore
1865,Dr. Ken,Scripted,English,Comedy | Family | Medical,Ended,2015-10-02,30,5.8,ABC,United States,https://www.tvmaze.com/shows/1865/dr-ken
1866,The Muppets,Scripted,English,Comedy | Children | Family,Ended,2015-09-22,30,7,ABC,United States,https://www.tvmaze.com/shows/1866/the-muppets
1867,Second Chance,Scripted,English,Drama | Crime | Science-Fiction,Ended,2016-01-13,60,7.6,FOX,United States,https://www.tvmaze.com/shows/1867/second-chance
1868,Rosewood,Scripted,English,Drama | Crime | Medical,Ended,2015-09-23,60,7.4,FOX,United States,https://www.tvmaze.com/shows/1868/rosewood
1869,Alone,Reality,English,Adventure | Nature,Running,2015-06-18,90,7.9,History,United States,https://www.tvmaze.com/shows/1869/alone
1870,Leepu & Pitbull,Reality,English,,Ended,2015-06-23,60,,History,United States,https://www.tvmaze.com/shows/1870/leepu-pitbull
1871,Mr. Robot,Scripted,English,Drama | Crime | Thriller,Ended,2015-06-24,60,8.2,USA Network,United States,https://www.tvmaze.com/shows/1871/mr-robot
1872,Cold Justice: Sex Crimes,Reality,English,Crime | Legal,Ended,2015-07-31,60,,TNT,United States,https://www.tvmaze.com/shows/1872/cold-justice-sex-crimes
1873,Significant Mother,Scripted,English,Comedy,Ended,2015-08-03,30,6.7,The CW,United States,https://www.tvmaze.com/shows/1873/significant-mother
1874,Mr. Robinson,Scripted,English,Comedy,Ended,2015-08-05,30,5.7,NBC,United States,https://www.tvmaze.com/shows/1874/mr-robinson
1875,Public Morals,Scripted,English,Drama | Crime,Ended,2015-08-25,60,7.3,TNT,United States,https://www.tvmaze.com/shows/1875/public-morals
1876,Todrick,Reality,English,,Ended,2015-08-31,30,,MTV,United States,https://www.tvmaze.com/shows/1876/todrick
1877,Girl Code Live,Talk Show,English,Comedy,Ended,2015-08-31,30,,MTV,United States,https://www.tvmaze.com/shows/1877/girl-code-live
1878,Thunderbirds Are Go,Animation,English,Action | Adventure | Science-Fiction,Ended,2015-04-04,30,7.6,ITV1,United Kingdom,https://www.tvmaze.com/shows/1878/thunderbirds-are-go
1879,Femme Fatales,Scripted,English,Crime | Thriller,Ended,2011-05-13,30,4,Cinemax,United States,https://www.tvmaze.com/shows/1879/femme-fatales
1880,No Offence,Scripted,English,Drama | Comedy | Crime,Ended,2015-05-05,60,7.6,Channel 4,United Kingdom,https://www.tvmaze.com/shows/1880/no-offence
1881,Ancient Impossible,Documentary,English,History,Ended,2014-06-29,60,7.6,Vice TV,United States,https://www.tvmaze.com/shows/1881/ancient-impossible
1882,Stan Lee's Superhumans,Reality,English,,Ended,2010-08-05,60,,Vice TV,United States,https://www.tvmaze.com/shows/1882/stan-lees-superhumans
1883,Dara O Briain's Science Club,Documentary,English,,Ended,2012-11-06,60,,BBC Two,United Kingdom,https://www.tvmaze.com/shows/1883/dara-o-briains-science-club
1884,Wild Palms,Scripted,English,Drama | Science-Fiction | Thriller,Ended,1993-05-16,60,6.7,ABC,United States,https://www.tvmaze.com/shows/1884/wild-palms
1885,V.I.P.,Scripted,English,Comedy | Action | Crime,Ended,1998-09-26,60,6.7,Syndication,United States,https://www.tvmaze.com/shows/1885/vip
1886,Tropical Heat,Scripted,English,Drama | Action | Crime,Ended,1991-04-08,60,6.3,CHCH,Canada,https://www.tvmaze.com/shows/1886/tropical-heat
1887,This is England,Scripted,English,Drama | Crime,Ended,2010-09-07,60,8,Channel 4,United Kingdom,https://www.tvmaze.com/shows/1887/this-is-england
1888,The Team,Scripted,German,Drama | Crime | Thriller,Ended,2015-02-28,60,7.8,DR1,Denmark,https://www.tvmaze.com/shows/1888/the-team
1889,Taken,Scripted,English,Science-Fiction,Ended,2002-12-02,90,8.1,Syfy,United States,https://www.tvmaze.com/shows/1889/taken
1890,Stripperella,Animation,English,Action,Ended,2003-06-26,30,7.6,Paramount Network,United States,https://www.tvmaze.com/shows/1890/stripperella
1891,Secret Agent Man,Scripted,English,Action | Thriller,Ended,2000-03-07,60,,UPN,United States,https://www.tvmaze.com/shows/1891/secret-agent-man
1892,Sledge Hammer!,Scripted,English,Comedy | Action,Ended,1986-09-23,30,7.9,ABC,United States,https://www.tvmaze.com/shows/1892/sledge-hammer
1893,Silk Stalkings,Scripted,English,Drama | Action | Crime,Ended,1991-11-07,60,7.8,USA Network,United States,https://www.tvmaze.com/shows/1893/silk-stalkings
1894,Queen of Swords,Scripted,English,Action | Adventure | Western,Ended,2000-10-07,60,6.8,Syndication,United States,https://www.tvmaze.com/shows/1894/queen-of-swords
1895,Relic Hunter,Scripted,English,Action | Adventure | Fantasy,Ended,1999-09-25,60,7.3,Syndication,United States,https://www.tvmaze.com/shows/1895/relic-hunter
1896,Renegade,Scripted,English,Action | Crime,Ended,1992-09-19,60,7.9,USA Network,United States,https://www.tvmaze.com/shows/1896/renegade
1897,Point Pleasant,Scripted,English,Drama | Horror | Thriller,Ended,2005-01-19,60,6.5,FOX,United States,https://www.tvmaze.com/shows/1897/point-pleasant
1898,Gargoyles,Animation,English,Action | Adventure | Fantasy,Ended,1994-10-24,30,7.5,ABC,United States,https://www.tvmaze.com/shows/1898/gargoyles
1899,Gantz,Animation,Japanese,Adventure | Anime | Horror | Science-Fiction,Ended,2004-04-12,30,6.8,Fuji TV,Japan,https://www.tvmaze.com/shows/1899/gantz
1900,The Crow: Stairway to Heaven,Scripted,English,Action | Fantasy | Horror,Ended,1998-09-25,60,6.7,Syndication,United States,https://www.tvmaze.com/shows/1900/the-crow-stairway-to-heaven
1901,Honey West,Scripted,English,Drama | Action | Crime,Ended,1965-09-17,30,6.5,ABC,United States,https://www.tvmaze.com/shows/1901/honey-west
1902,Black Scorpion,Scripted,English,Action | Crime | Science-Fiction,Ended,2001-01-05,60,6.1,Syfy,United States,https://www.tvmaze.com/shows/1902/black-scorpion
1903,Beastmaster,Scripted,English,Action | Adventure | Fantasy,Ended,1999-10-09,60,6.8,Syndication,United States,https://www.tvmaze.com/shows/1903/beastmaster
1904,Largo Winch,Scripted,English,Drama | Action | Crime,Ended,2001-09-07,60,,Syndication,United States,https://www.tvmaze.com/shows/1904/largo-winch
1905,Bleach,Animation,Japanese,Action | Anime | Fantasy,Ended,2004-10-05,30,7.9,TV Tokyo,Japan,https://www.tvmaze.com/shows/1905/bleach
1906,Rurouni Kenshin: Meiji Kenkaku Romantan,Animation,Japanese,Action | Anime | History,Ended,1996-01-10,25,7.3,Fuji TV,Japan,https://www.tvmaze.com/shows/1906/rurouni-kenshin-meiji-kenkaku-romantan
1907,RoboCop,Scripted,English,Action | Adventure | Science-Fiction,Ended,1994-03-18,60,7.6,CTV,Canada,https://www.tvmaze.com/shows/1907/robocop
1908,RoboCop: Prime Directives,Scripted,English,Action | Adventure | Science-Fiction,Ended,2001-01-04,120,6.8,Syfy,United States,https://www.tvmaze.com/shows/1908/robocop-prime-directives
1909,Aeon Flux,Animation,English,Action | Science-Fiction,Ended,1991-09-01,30,7.3,MTV,United States,https://www.tvmaze.com/shows/1909/aeon-flux
1910,Bron / Broen,Scripted,Swedish,Drama | Crime | Thriller,Ended,2011-09-28,60,8.3,SVT1,Sweden,https://www.tvmaze.com/shows/1910/bron-broen
1911,Highlander,Scripted,English,Drama | Action | Fantasy,Ended,1992-10-03,60,7.8,Syndication,United States,https://www.tvmaze.com/shows/1911/highlander
1912,Highlander: The Raven,Scripted,English,Drama | Action | Fantasy,Ended,1998-09-26,60,6.4,Syndication,United States,https://www.tvmaze.com/shows/1912/highlander-the-raven
1913,The Hunger,Scripted,English,Drama | Horror | Thriller,Ended,1997-07-20,30,,Paramount+ with Showtime,United States,https://www.tvmaze.com/shows/1913/the-hunger
1914,Code 37,Scripted,Dutch,Drama | Crime,Ended,2009-08-31,60,,VTM,Belgium,https://www.tvmaze.com/shows/1914/code-37
1915,Death Parade,Animation,Japanese,Anime | Fantasy | Horror,Ended,2015-01-10,30,7.3,NTV,Japan,https://www.tvmaze.com/shows/1915/death-parade
1916,Tatakau Shisho: The Book of Bantorra,Animation,Japanese,Action | Adventure | Anime | Fantasy,Ended,2009-10-02,25,,Animax,Japan,https://www.tvmaze.com/shows/1916/tatakau-shisho-the-book-of-bantorra
1918,Camp,Scripted,English,Drama | Comedy | Romance,Ended,2013-07-10,60,,NBC,United States,https://www.tvmaze.com/shows/1918/camp
1919,Starhunter,Scripted,English,Drama | Action | Science-Fiction,Ended,2000-11-01,60,6.2,CTV Sci-Fi Channel,Canada,https://www.tvmaze.com/shows/1919/starhunter
1920,Fastlane,Scripted,English,Drama | Action | Crime,Ended,2002-09-18,60,6.8,FOX,United States,https://www.tvmaze.com/shows/1920/fastlane
1921,Special Unit 2,Scripted,English,Comedy | Action | Horror,Ended,2001-04-11,60,7.3,UPN,United States,https://www.tvmaze.com/shows/1921/special-unit-2
1922,Mann & Machine,Scripted,English,Action | Science-Fiction,Ended,1992-04-05,60,7.8,NBC,United States,https://www.tvmaze.com/shows/1922/mann-machine
1923,Bubblegum Crisis: Tokyo 2040,Animation,Japanese,Action | Adventure | Anime | Science-Fiction,Ended,1998-10-08,30,6.7,TV Tokyo,Japan,https://www.tvmaze.com/shows/1923/bubblegum-crisis-tokyo-2040
1924,Metal Fighter Miku,Animation,Japanese,Action | Anime | Science-Fiction,Ended,1994-07-08,30,6.8,TV Tokyo,Japan,https://www.tvmaze.com/shows/1924/metal-fighter-miku
1925,Neon Genesis Evangelion,Animation,Japanese,Drama | Action | Anime | Science-Fiction,Ended,1995-10-04,24,7.9,TV Tokyo,Japan,https://www.tvmaze.com/shows/1925/neon-genesis-evangelion
1926,"Ima, Soko ni Iru Boku",Animation,Japanese,Drama | Action | Anime | Science-Fiction,Ended,1999-10-14,30,7.2,WOWOW,Japan,https://www.tvmaze.com/shows/1926/ima-soko-ni-iru-boku
1927,Cat's Eye,Animation,Japanese,Comedy | Action | Adventure | Anime,Ended,1983-07-11,30,,NTV,Japan,https://www.tvmaze.com/shows/1927/cats-eye
1928,Todd MacFarlane's Spawn,Animation,English,Action | Horror | Supernatural,Ended,1997-05-16,30,7.6,HBO,United States,https://www.tvmaze.com/shows/1928/todd-macfarlanes-spawn
1929,The Avengers,Scripted,English,Comedy | Action | Crime,Ended,1961-01-07,60,8.1,ITV1,United Kingdom,https://www.tvmaze.com/shows/1929/the-avengers
1930,The New Avengers,Scripted,English,Action | Thriller | Mystery,Ended,1976-10-22,50,7.1,ITV1,United Kingdom,https://www.tvmaze.com/shows/1930/the-new-avengers
1931,Taiho Shichau zo,Animation,Japanese,Comedy | Action | Anime | Crime,Ended,1996-10-05,30,,TBS,Japan,https://www.tvmaze.com/shows/1931/taiho-shichau-zo
1932,Najica Dengeki Sakusen,Animation,Japanese,Action | Anime | Science-Fiction | Espionage,Ended,2001-10-05,23,,Kids Station,Japan,https://www.tvmaze.com/shows/1932/najica-dengeki-sakusen
1933,Sorcerer Hunters,Animation,Japanese,Action | Adventure | Fantasy,Ended,1995-10-03,30,6.8,TV Tokyo,Japan,https://www.tvmaze.com/shows/1933/sorcerer-hunters
1934,Boogiepop Phantom,Animation,Japanese,Drama | Anime | Horror,Ended,2000-01-05,30,7.1,TV Tokyo,Japan,https://www.tvmaze.com/shows/1934/boogiepop-phantom
1935,Ghost in the Shell: Stand Alone Complex,Animation,Japanese,Action | Anime | Science-Fiction | Thriller,Ended,2002-10-01,30,8,Animax,Japan,https://www.tvmaze.com/shows/1935/ghost-in-the-shell-stand-alone-complex
1936,Mezzo,Animation,Japanese,Comedy | Action | Anime | Science-Fiction,Ended,2000-05-25,25,6.9,TV Kanagawa,Japan,https://www.tvmaze.com/shows/1936/mezzo
1937,Mortal Kombat: Defenders of the Realm,Animation,English,Action | Adventure | Fantasy,Ended,1996-09-21,30,6.4,USA Network,United States,https://www.tvmaze.com/shows/1937/mortal-kombat-defenders-of-the-realm
1938,Serial Experiments Lain,Animation,Japanese,Anime | Science-Fiction | Thriller,Ended,1998-07-06,30,7.2,TV Tokyo,Japan,https://www.tvmaze.com/shows/1938/serial-experiments-lain
1939,Psycho-Pass,Animation,Japanese,Action | Anime | Crime | Science-Fiction,Ended,2012-10-12,60,6.8,Fuji TV,Japan,https://www.tvmaze.com/shows/1939/psycho-pass
1940,Kekkai Sensen,Animation,Japanese,Action | Anime | Fantasy | Supernatural,Ended,2015-04-05,25,7.4,MBS,Japan,https://www.tvmaze.com/shows/1940/kekkai-sensen
1942,Junketsu no Maria,Animation,Japanese,Comedy | Anime | Fantasy,Ended,2015-01-11,25,,Tokyo MX,Japan,https://www.tvmaze.com/shows/1942/junketsu-no-maria
1943,Saenai Heroine no Sodatekata,Animation,Japanese,Comedy | Anime | Romance,Ended,2015-01-09,25,5.5,Fuji TV,Japan,https://www.tvmaze.com/shows/1943/saenai-heroine-no-sodatekata
1944,Yatterman Night,Animation,Japanese,Comedy | Action | Anime | Science-Fiction,Ended,2015-01-11,23,5.5,Tokyo MX,Japan,https://www.tvmaze.com/shows/1944/yatterman-night
1945,Fate/Stay Night,Animation,Japanese,Action | Adventure | Anime | Fantasy,Ended,2006-01-06,25,7.4,TV Saitama,Japan,https://www.tvmaze.com/shows/1945/fatestay-night
1946,Fate/Stay Night: Unlimited Blade Works,Animation,Japanese,Action | Adventure | Anime | Fantasy,Ended,2014-10-04,25,6.6,Tokyo MX,Japan,https://www.tvmaze.com/shows/1946/fatestay-night-unlimited-blade-works
1947,The Mighty Boosh,Scripted,English,Comedy | Fantasy | Music,Ended,2004-05-18,30,7.5,BBC Three,United Kingdom,https://www.tvmaze.com/shows/1947/the-mighty-boosh
1948,Noel Fielding's Luxury Comedy,Scripted,English,Comedy,Ended,2012-01-26,30,,E4,United Kingdom,https://www.tvmaze.com/shows/1948/noel-fieldings-luxury-comedy
1949,Garth Marenghi's Darkplace,Scripted,English,Comedy | Horror | Science-Fiction,Ended,2004-01-29,25,7.9,Channel 4,United Kingdom,https://www.tvmaze.com/shows/1949/garth-marenghis-darkplace
1950,Look Around You,Scripted,English,Comedy,Ended,2002-10-10,,7.4,BBC Two,United Kingdom,https://www.tvmaze.com/shows/1950/look-around-you
1951,StarTalk,Talk Show,English,,Ended,2015-04-20,60,7.7,National Geographic,United States,https://www.tvmaze.com/shows/1951/startalk
1952,Snuff Box,Scripted,English,Comedy,Ended,2006-02-27,30,7,BBC Three,United Kingdom,https://www.tvmaze.com/shows/1952/snuff-box
1953,Dexter's Laboratory,Animation,English,Comedy | Adventure | Children,Ended,1996-04-28,30,7.3,Cartoon Network,United States,https://www.tvmaze.com/shows/1953/dexters-laboratory
1954,Sym-Bionic Titan,Animation,English,Action | Science-Fiction,Ended,2010-09-17,30,6.7,Cartoon Network,United States,https://www.tvmaze.com/shows/1954/sym-bionic-titan
1955,The Powerpuff Girls,Animation,English,Action | Children | Crime,Ended,1998-11-18,30,6.9,Cartoon Network,United States,https://www.tvmaze.com/shows/1955/the-powerpuff-girls
1956,Courage the Cowardly Dog,Animation,English,Adventure | Children | Horror,Ended,1999-11-12,30,7.8,Cartoon Network,United States,https://www.tvmaze.com/shows/1956/courage-the-cowardly-dog
1957,Superman: The Animated Series,Animation,English,Action | Adventure | Science-Fiction,Ended,1996-09-06,30,7.9,The WB,United States,https://www.tvmaze.com/shows/1957/superman-the-animated-series
1958,"China, IL",Animation,English,Comedy,Ended,2011-10-02,30,4.8,Adult Swim,United States,https://www.tvmaze.com/shows/1958/china-il
1959,Superjail!,Scripted,English,Comedy | Crime,Ended,2007-05-13,15,6.3,Adult Swim,United States,https://www.tvmaze.com/shows/1959/superjail
1960,Moral Orel,Animation,English,,Ended,2005-12-12,15,6.9,Adult Swim,United States,https://www.tvmaze.com/shows/1960/moral-orel
1961,Line of Fire,Scripted,English,Drama | Crime,Ended,2003-12-02,60,,ABC,United States,https://www.tvmaze.com/shows/1961/line-of-fire
1962,Missing,Scripted,English,Drama | Crime | Mystery,Ended,2003-08-02,60,7.2,Lifetime,United States,https://www.tvmaze.com/shows/1962/missing
1963,Threshold,Scripted,English,Drama | Science-Fiction | Thriller,Ended,2005-09-16,60,7.6,CBS,United States,https://www.tvmaze.com/shows/1963/threshold
1964,Kiseijuu: Sei no Kakuritsu,Animation,Japanese,Action | Anime | Horror,Ended,2014-10-09,30,8,NTV,Japan,https://www.tvmaze.com/shows/1964/kiseijuu-sei-no-kakuritsu
1965,Shingeki no Bahamut: Virgin Soul,Animation,Japanese,Action | Anime | Fantasy,Ended,2014-10-06,25,6.8,TBS,Japan,https://www.tvmaze.com/shows/1965/shingeki-no-bahamut-virgin-soul
1966,Shirobako,Animation,Japanese,Drama | Anime | Crime,Ended,2014-10-09,30,7.2,Tokyo MX,Japan,https://www.tvmaze.com/shows/1966/shirobako
1967,American Ninja Warrior,Reality,English,Action | Sports,Running,2009-12-12,120,6.7,NBC,United States,https://www.tvmaze.com/shows/1967/american-ninja-warrior
1968,Bullseye,Variety,English,Family,Ended,2015-05-27,60,,FOX,United States,https://www.tvmaze.com/shows/1968/bullseye
1969,Becoming Us,Reality,English,Drama | Family,Ended,2015-06-08,60,,Freeform,United States,https://www.tvmaze.com/shows/1969/becoming-us
1970,BOOM!,Game Show,English,,Ended,2015-06-25,60,,FOX,United States,https://www.tvmaze.com/shows/1970/boom
1971,Why? With Hannibal Buress,Variety,English,Comedy,Ended,2015-07-08,30,,Comedy Central,United States,https://www.tvmaze.com/shows/1971/why-with-hannibal-buress
1972,10-8,Scripted,English,Drama | Action | Crime,Ended,2003-09-28,60,,ABC,United States,https://www.tvmaze.com/shows/1972/10-8
1974,That '80s Show,Scripted,English,Comedy,Ended,2002-01-23,30,6.5,FOX,United States,https://www.tvmaze.com/shows/1974/that-80s-show
1975,The Agency,Scripted,English,Drama | Crime,Ended,2001-09-27,60,,CBS,United States,https://www.tvmaze.com/shows/1975/the-agency
1976,Arpeggio of Blue Steel: Ars Nova,Animation,Japanese,Action | Anime | Science-Fiction | War,Ended,2013-10-08,30,6.2,AT-X,Japan,https://www.tvmaze.com/shows/1976/arpeggio-of-blue-steel-ars-nova
1977,The Bad Girl's Guide,Scripted,English,Comedy,Ended,2005-05-24,30,,UPN,United States,https://www.tvmaze.com/shows/1977/the-bad-girls-guide
1978,Black Sash,Scripted,English,Drama | Action,Ended,2003-03-30,60,,The WB,United States,https://www.tvmaze.com/shows/1978/black-sash
1979,Charles in Charge,Scripted,English,Comedy,Ended,1984-10-03,30,6.2,Syndication,United States,https://www.tvmaze.com/shows/1979/charles-in-charge
1980,Dark Justice,Scripted,English,Drama | Action | Crime,Ended,1991-04-05,60,,CBS,United States,https://www.tvmaze.com/shows/1980/dark-justice
1981,Due South,Scripted,English,Drama | Action | Crime,Ended,1994-04-26,60,8,CTV,Canada,https://www.tvmaze.com/shows/1981/due-south
1982,Eleventh Hour,Scripted,English,Drama | Science-Fiction | Thriller,Ended,2008-10-09,60,7.8,CBS,United States,https://www.tvmaze.com/shows/1982/eleventh-hour
1983,Eyes,Scripted,English,Drama | Crime,Ended,2005-03-30,60,,ABC,United States,https://www.tvmaze.com/shows/1983/eyes
1984,Husbands,Scripted,English,Drama | Comedy,Ended,2011-09-13,2,,CW Seed,United States,https://www.tvmaze.com/shows/1984/husbands
1985,The Tunnel,Scripted,English,Drama | Crime | Thriller,Ended,2013-10-16,60,7.8,Sky Go,United Kingdom,https://www.tvmaze.com/shows/1985/the-tunnel
1986,$#*! My Dad Says,Scripted,English,Comedy,Ended,2010-09-23,30,6.8,CBS,United States,https://www.tvmaze.com/shows/1986/my-dad-says
1987,100 Questions,Scripted,English,Comedy | Romance,Ended,2010-05-27,30,6.6,NBC,United States,https://www.tvmaze.com/shows/1987/100-questions
1988,Accidentally on Purpose,Scripted,English,Comedy | Romance,Ended,2009-09-21,30,7.1,CBS,United States,https://www.tvmaze.com/shows/1988/accidentally-on-purpose
1989,Better with You,Scripted,English,Comedy | Family,Ended,2010-09-22,30,6.9,ABC,United States,https://www.tvmaze.com/shows/1989/better-with-you
1990,Four Kings,Scripted,English,Drama | Family,Ended,2006-01-05,30,,NBC,United States,https://www.tvmaze.com/shows/1990/four-kings
1991,Happy Hour,Scripted,English,Comedy,Ended,2006-09-07,30,,FOX,United States,https://www.tvmaze.com/shows/1991/happy-hour
1992,I Just Want My Pants Back,Scripted,English,Comedy,Ended,2011-08-28,30,,MTV,United States,https://www.tvmaze.com/shows/1992/i-just-want-my-pants-back
1993,My Guide to Becoming a Rock Star,Scripted,English,Drama | Comedy | Music,Ended,2002-03-14,30,,The WB,United States,https://www.tvmaze.com/shows/1993/my-guide-to-becoming-a-rock-star
1994,Him & Her,Scripted,English,Comedy,Ended,2010-09-06,30,6,BBC Three,United Kingdom,https://www.tvmaze.com/shows/1994/him-her
1995,Mad Dogs,Scripted,English,Drama | Crime | Thriller,Ended,2011-02-10,60,7.6,Sky Showcase,United Kingdom,https://www.tvmaze.com/shows/1995/mad-dogs
1996,Complete Savages,Scripted,English,Comedy,Ended,2004-09-24,30,,ABC,United States,https://www.tvmaze.com/shows/1996/complete-savages
1997,Endgame,Scripted,English,Drama | Comedy | Crime,Ended,2011-03-14,60,7.6,Showcase,Canada,https://www.tvmaze.com/shows/1997/endgame
1998,Freddie,Scripted,English,Comedy,Ended,2005-10-12,30,,ABC,United States,https://www.tvmaze.com/shows/1998/freddie
1999,Hank,Scripted,English,Comedy,Ended,2009-09-30,30,,ABC,United States,https://www.tvmaze.com/shows/1999/hank
2000,I Dream of Jeannie,Scripted,English,Comedy | Fantasy | Romance,Ended,1965-09-18,30,7.8,NBC,United States,https://www.tvmaze.com/shows/2000/i-dream-of-jeannie
2001,Man Up!,Scripted,English,Comedy | Family,Ended,2011-10-18,30,6.7,ABC,United States,https://www.tvmaze.com/shows/2001/man-up
2002,Miss Fisher's Murder Mysteries,Scripted,English,Drama | Crime,Ended,2012-02-24,60,8,ABC,Australia,https://www.tvmaze.com/shows/2002/miss-fishers-murder-mysteries
2003,My Generation,Scripted,English,Drama | Family | Romance,Ended,2010-09-23,60,,ABC,United States,https://www.tvmaze.com/shows/2003/my-generation
2004,Nightmares & Dreamscapes,Scripted,English,Drama | Horror,Ended,2006-07-12,60,7.8,TNT,United States,https://www.tvmaze.com/shows/2004/nightmares-dreamscapes
2005,Notes from the Underbelly,Scripted,English,Comedy | Family,Ended,2007-04-04,30,,ABC,United States,https://www.tvmaze.com/shows/2005/notes-from-the-underbelly
2006,Run of the House,Scripted,English,Comedy,Ended,2003-09-11,30,,The WB,United States,https://www.tvmaze.com/shows/2006/run-of-the-house
2007,Running Wilde,Scripted,English,Comedy,Ended,2010-09-21,30,7.2,FOX,United States,https://www.tvmaze.com/shows/2007/running-wilde
2008,Skins,Scripted,English,Drama | Romance,Ended,2011-01-17,60,5.6,MTV,United States,https://www.tvmaze.com/shows/2008/skins
2009,The Casual Vacancy,Scripted,English,Drama | Crime | Mystery,Ended,2015-02-15,60,6.2,BBC One,United Kingdom,https://www.tvmaze.com/shows/2009/the-casual-vacancy
2010,The Pitch,Reality,English,,Ended,2012-04-08,60,,AMC,United States,https://www.tvmaze.com/shows/2010/the-pitch
2011,The Sing-Off,Reality,English,Music,Ended,2009-12-14,120,,NBC,United States,https://www.tvmaze.com/shows/2011/the-sing-off
2012,The Writers' Room,Documentary,English,,Ended,2013-07-29,30,,SundanceTV,United States,https://www.tvmaze.com/shows/2012/the-writers-room
2013,Who Do You Think You Are?,Documentary,English,Family | History,To Be Determined,2010-03-05,60,8,NBC,United States,https://www.tvmaze.com/shows/2013/who-do-you-think-you-are
2014,Refugiados,Scripted,Spanish,Drama | Science-Fiction | Thriller,Ended,2015-05-07,60,,La Sexta,Spain,https://www.tvmaze.com/shows/2014/refugiados
2015,Ashes to Ashes,Scripted,English,Drama | Crime | Fantasy,Ended,2008-02-07,60,7.6,BBC One,United Kingdom,https://www.tvmaze.com/shows/2015/ashes-to-ashes
2016,Destination Truth,Reality,English,Adventure | Mystery | Supernatural,Ended,2007-06-06,60,7.7,Syfy,United States,https://www.tvmaze.com/shows/2016/destination-truth
2017,Arvingerne,Scripted,Danish,Drama,Ended,2014-01-01,60,7.8,DR1,Denmark,https://www.tvmaze.com/shows/2017/arvingerne
2018,The Watcher,Scripted,English,Drama,Ended,1995-01-17,60,,UPN,United States,https://www.tvmaze.com/shows/2018/the-watcher
2019,Vanished,Scripted,English,Drama | Thriller,Ended,2006-08-21,60,7.3,FOX,United States,https://www.tvmaze.com/shows/2019/vanished
2020,Unhitched,Scripted,English,Comedy,Ended,2008-03-02,30,,FOX,United States,https://www.tvmaze.com/shows/2020/unhitched
2021,Unhappily Ever After,Scripted,English,Comedy | Family,Ended,1995-01-11,30,7.4,The WB,United States,https://www.tvmaze.com/shows/2021/unhappily-ever-after
2022,The Triangle,Scripted,English,Drama | Action | Adventure,Ended,2005-12-05,90,7.8,Syfy,United States,https://www.tvmaze.com/shows/2022/the-triangle
2023,Tracker,Scripted,English,Action | Adventure | Science-Fiction,Ended,2001-10-15,60,,Syndication,United States,https://www.tvmaze.com/shows/2023/tracker
2024,Touching Evil,Scripted,English,Drama | Crime | Thriller,Ended,2004-03-12,60,7.1,USA Network,United States,https://www.tvmaze.com/shows/2024/touching-evil
2025,Traveler,Scripted,English,Action | Thriller,Ended,2007-05-10,60,7.3,ABC,United States,https://www.tvmaze.com/shows/2025/traveler
2026,Tokyo Undergeround,Animation,Japanese,Action | Adventure | Anime | Science-Fiction,Ended,2002-04-02,25,,TV Tokyo,Japan,https://www.tvmaze.com/shows/2026/tokyo-undergeround
2027,Threat Matrix,Scripted,English,Drama | Action | Crime,Ended,2003-09-18,60,,ABC,United States,https://www.tvmaze.com/shows/2027/threat-matrix
2028,Deutschland,Scripted,German,Drama | Action | Thriller,Ended,2015-06-17,,8,Prime Video,,https://www.tvmaze.com/shows/2028/deutschland
2029,American Crime Story,Scripted,English,Drama | Crime,Ended,2016-02-02,60,7.1,FX,United States,https://www.tvmaze.com/shows/2029/american-crime-story
2030,Sirens,Scripted,English,Drama | Comedy,Ended,2011-06-27,60,7.9,Channel 4,United Kingdom,https://www.tvmaze.com/shows/2030/sirens
2031,The Fall Guy,Scripted,English,Action | Adventure | Mystery,Ended,1981-11-04,60,7.5,ABC,United States,https://www.tvmaze.com/shows/2031/the-fall-guy
2032,Fantasy Island,Scripted,English,Drama | Fantasy,Ended,1998-09-26,60,6.7,ABC,United States,https://www.tvmaze.com/shows/2032/fantasy-island
2033,Fear Factor,Game Show,English,Action | Adventure,Ended,2001-06-11,60,5.4,NBC,United States,https://www.tvmaze.com/shows/2033/fear-factor
2034,Forever Knight,Scripted,English,Drama | Crime | Horror,Ended,1992-05-05,60,7,CBS,United States,https://www.tvmaze.com/shows/2034/forever-knight
2035,The Huntress,Scripted,English,Drama | Action | Adventure,Ended,2000-07-26,60,,USA Network,United States,https://www.tvmaze.com/shows/2035/the-huntress
2036,Kampen om tungtvannet,Scripted,Norwegian,Drama | Thriller | War,Ended,2015-01-04,45,7.7,NRK1,Norway,https://www.tvmaze.com/shows/2036/kampen-om-tungtvannet
2037,Akame ga Kill!,Animation,Japanese,Action | Anime | Fantasy,Ended,2014-07-06,25,7.5,Tokyo MX,Japan,https://www.tvmaze.com/shows/2037/akame-ga-kill
2038,Paranormal Survivor,Reality,English,Drama | Supernatural,Ended,2015-05-31,60,7.4,T+E,Canada,https://www.tvmaze.com/shows/2038/paranormal-survivor
2039,Just Shoot Me!,Scripted,English,Comedy,Ended,1997-03-04,30,7.7,NBC,United States,https://www.tvmaze.com/shows/2039/just-shoot-me
2040,The Secret Adventures of Jules Verne,Scripted,English,Action | Adventure | Science-Fiction,Ended,2000-06-18,60,,Syndication,United States,https://www.tvmaze.com/shows/2040/the-secret-adventures-of-jules-verne
2041,jPod,Scripted,English,Drama | Comedy,Ended,2008-01-08,60,,CBC,Canada,https://www.tvmaze.com/shows/2041/jpod
2042,Doll & Em,Scripted,English,Comedy,Ended,2014-02-18,30,7.1,Sky Atlantic,United Kingdom,https://www.tvmaze.com/shows/2042/doll-em
2043,Last Exile,Animation,Japanese,Action | Adventure | Anime | Science-Fiction,Ended,2003-04-07,25,6.7,TV Tokyo,Japan,https://www.tvmaze.com/shows/2043/last-exile
2044,Martial Law,Scripted,English,Action | Crime,Ended,1998-09-26,60,7.6,CBS,United States,https://www.tvmaze.com/shows/2044/martial-law
2045,Medical Investigation,Scripted,English,Drama | Thriller | Medical,Ended,2004-09-09,60,7.8,NBC,United States,https://www.tvmaze.com/shows/2045/medical-investigation
2046,Miracles,Scripted,English,Drama | Science-Fiction,Ended,2003-01-27,60,,ABC,United States,https://www.tvmaze.com/shows/2046/miracles
2047,Mickey Spillane's Mike Hammer,Scripted,English,Drama | Crime | Mystery,Ended,1983-04-09,60,6.9,CBS,United States,https://www.tvmaze.com/shows/2047/mickey-spillanes-mike-hammer
2048,Sengoku Basara,Animation,Japanese,Action | Adventure | Anime,Ended,2009-04-01,25,,MBS,Japan,https://www.tvmaze.com/shows/2048/sengoku-basara
2049,Claymore,Animation,Japanese,Action | Adventure | Anime | Fantasy,Ended,2007-04-04,30,7.4,NTV,Japan,https://www.tvmaze.com/shows/2049/claymore
2050,Nash Bridges,Scripted,English,Drama | Crime,Ended,1996-03-29,60,7.3,CBS,United States,https://www.tvmaze.com/shows/2050/nash-bridges
2051,Steins;Gate,Animation,Japanese,Drama | Anime | Fantasy | Science-Fiction,Ended,2011-04-06,25,8.3,SUN-TV,Japan,https://www.tvmaze.com/shows/2051/steinsgate
2052,UnREAL,Scripted,English,Drama | Romance,Ended,2015-06-01,,7.8,Hulu,United States,https://www.tvmaze.com/shows/2052/unreal
2053,Secrets and Wives,Reality,English,,Ended,2015-06-02,60,,Bravo,United States,https://www.tvmaze.com/shows/2053/secrets-and-wives
2054,Love/Hate,Scripted,English,Drama | Crime,Ended,2010-10-03,60,7.9,RTÉ ONE,Ireland,https://www.tvmaze.com/shows/2054/lovehate
2055,71 Degrees North,Reality,English,Action | Adventure,Ended,2010-09-07,60,,ITV1,United Kingdom,https://www.tvmaze.com/shows/2055/71-degrees-north
2056,3 Days,Scripted,Korean,Drama | Action | Thriller,Ended,2014-03-05,50,,SBS,"Korea, Republic of",https://www.tvmaze.com/shows/2056/3-days
2057,Air City,Scripted,Korean,Drama | Romance,Ended,2007-05-19,65,,MBC,"Korea, Republic of",https://www.tvmaze.com/shows/2057/air-city
2058,Air America,Scripted,English,Action | Adventure,Ended,1998-10-03,60,,Syndication,United States,https://www.tvmaze.com/shows/2058/air-america
2059,Sword Art Online,Animation,Japanese,Action | Adventure | Anime | Fantasy,To Be Determined,2012-07-07,25,7.6,Tokyo MX,Japan,https://www.tvmaze.com/shows/2059/sword-art-online
2060,Sidonia no Kishi,Animation,Japanese,Adventure | Anime | Science-Fiction,Ended,2014-04-11,25,7.3,MBS,Japan,https://www.tvmaze.com/shows/2060/sidonia-no-kishi
2061,Elfen Lied,Animation,Japanese,Drama | Anime | Horror | Science-Fiction,Ended,2004-07-25,25,7.4,AT-X,Japan,https://www.tvmaze.com/shows/2061/elfen-lied
2062,Space Dandy,Animation,Japanese,Comedy | Anime | Science-Fiction,Ended,2014-01-05,25,7.6,Tokyo MX,Japan,https://www.tvmaze.com/shows/2062/space-dandy
2063,Amnesia,Animation,Japanese,Drama | Action | Anime | Mystery,Ended,2013-01-07,25,5.1,Tokyo MX,Japan,https://www.tvmaze.com/shows/2063/amnesia
2064,Atlantic Convoys: The War at Sea,Documentary,English,War | History,Ended,2009-08-30,60,7.8,Channel 4,United Kingdom,https://www.tvmaze.com/shows/2064/atlantic-convoys-the-war-at-sea
2065,Freezing,Animation,Japanese,Action | Anime | Romance | Science-Fiction,Ended,2011-01-08,25,,AT-X,Japan,https://www.tvmaze.com/shows/2065/freezing
2066,Tokyo Ravens,Animation,Japanese,Action | Anime | Fantasy,Ended,2013-10-09,25,6.8,Tokyo MX,Japan,https://www.tvmaze.com/shows/2066/tokyo-ravens
2067,Oniichan Dakedo Ai Sae Areba Kankeinai Yo Ne!,Animation,Japanese,Drama | Anime | Romance,Ended,2012-10-05,25,4.8,AT-X,Japan,https://www.tvmaze.com/shows/2067/oniichan-dakedo-ai-sae-areba-kankeinai-yo-ne
2068,Nobunagun,Animation,Japanese,Action | Anime | Horror,Ended,2014-01-05,25,,Tokyo MX,Japan,https://www.tvmaze.com/shows/2068/nobunagun
2069,Fairy Tail,Animation,Japanese,Action | Adventure | Anime | Fantasy,Ended,2009-10-12,25,7.7,TV Tokyo,Japan,https://www.tvmaze.com/shows/2069/fairy-tail
2071,Fullmetal Alchemist: Brotherhood,Animation,Japanese,Action | Adventure | Anime | Fantasy,Ended,2009-04-05,25,7.7,TBS,Japan,https://www.tvmaze.com/shows/2071/fullmetal-alchemist-brotherhood
2072,Ranma ½,Animation,Japanese,Comedy | Action | Anime,Ended,1989-04-15,30,6.8,Fuji TV,Japan,https://www.tvmaze.com/shows/2072/ranma-12
2073,Impastor,Scripted,English,Comedy | Crime,Ended,2015-07-15,30,7.5,TV Land,United States,https://www.tvmaze.com/shows/2073/impastor
2074,Starman,Scripted,English,Drama | Science-Fiction,Ended,1986-09-19,60,,ABC,United States,https://www.tvmaze.com/shows/2074/starman
2075,Little House on the Prairie,Scripted,English,Drama | Family | Western,Ended,1974-03-30,60,7.9,NBC,United States,https://www.tvmaze.com/shows/2075/little-house-on-the-prairie
2076,Inside the Actors Studio,Talk Show,English,,Ended,1994-08-14,60,8.2,Ovation,United States,https://www.tvmaze.com/shows/2076/inside-the-actors-studio
2077,The Fall and Rise of Reginald Perrin,Scripted,English,Comedy,Ended,1976-09-08,30,8,BBC One,United Kingdom,https://www.tvmaze.com/shows/2077/the-fall-and-rise-of-reginald-perrin
2078,The Ice Cream Girls,Scripted,English,Drama | Crime,Ended,2013-04-19,60,,ITV1,United Kingdom,https://www.tvmaze.com/shows/2078/the-ice-cream-girls
2079,Outside Edge,Scripted,English,Drama | Comedy,Ended,1994-03-24,30,,ITV1,United Kingdom,https://www.tvmaze.com/shows/2079/outside-edge
2080,Burning Love,Scripted,English,Comedy | Romance,Ended,2013-02-25,30,5.5,Yahoo! View,United States,https://www.tvmaze.com/shows/2080/burning-love
2081,Splash,Game Show,English,Sports,Ended,2013-03-19,60,,ABC,United States,https://www.tvmaze.com/shows/2081/splash
2082,Monday Mornings,Scripted,English,Drama | Medical,Ended,2013-02-04,60,6.8,TNT,United States,https://www.tvmaze.com/shows/2082/monday-mornings
2083,"Murder, She Wrote",Scripted,English,Drama | Crime | Mystery,Ended,1984-09-30,60,7.6,CBS,United States,https://www.tvmaze.com/shows/2083/murder-she-wrote
2084,The Cosby Show,Scripted,English,Comedy | Family,Ended,1984-09-20,30,7.1,NBC,United States,https://www.tvmaze.com/shows/2084/the-cosby-show
